block,block_title,scope,label,unit,study,population,base_n,field_period,question_ref,source_title,source_url,source_locator,detail,block_note,value,source_kind
evs2017_religion,"Religiöse Selbstbeschreibung, Gottesglaube und Wichtigkeit",Deutschland,Bezeichnet sich als religiös,percent,European Values Study 2017,Wohnbevölkerung Deutschlands ab 18 Jahren,2170,2017–2018,Q17,"EVS/GESIS (2022): EVS 2017 – Variable Report Integrated Datasets, 2022/05",https://access.gesis.org/dbk/65190#page=243,"PDF-S. 243 (Tabellen-S. 191), v56, Q17, Deutschland (DE)",Antwort: religiöse Person,"Veröffentlichte Deutschlandwerte aus dem EVS/GESIS-Variablenbericht 2022/05, ZA7500 Version 5.0.0. Die Tabellen sind mit gweight gewichtet und beziehen sich auf gültige Antworten. Studienstichprobe: 2.170 Fälle im integrierten Datensatz (PDF-S. 21). Ungewichtete gültige Fallzahlen je Frage sind in diesen Tabellen nicht ausgewiesen. Die gewichteten Häufigkeiten werden nicht als Anzahl befragter Personen übernommen. Prozentwerte haben eine Nachkommastelle; addierte gerundete Kategorien können von Anteilen aus ungerundeten Daten abweichen. Die Darstellungen verwenden ausschließlich veröffentlichte Tabellenwerte. Keine BW-Auswertung. Selbstbeschreibung, Gottesglaube und Wichtigkeit sind drei getrennte Fragen, keine sich ausschließenden Kategorien.",54.6,published_table
evs2017_religion,"Religiöse Selbstbeschreibung, Gottesglaube und Wichtigkeit",Deutschland,Glaubt an Gott,percent,European Values Study 2017,Wohnbevölkerung Deutschlands ab 18 Jahren,2170,2017–2018,Q18.A,"EVS/GESIS (2022): EVS 2017 – Variable Report Integrated Datasets, 2022/05",https://access.gesis.org/dbk/65190#page=245,"PDF-S. 245 (Tabellen-S. 193), v57, Q18.A, Deutschland (DE)",Antwort: ja,"Veröffentlichte Deutschlandwerte aus dem EVS/GESIS-Variablenbericht 2022/05, ZA7500 Version 5.0.0. Die Tabellen sind mit gweight gewichtet und beziehen sich auf gültige Antworten. Studienstichprobe: 2.170 Fälle im integrierten Datensatz (PDF-S. 21). Ungewichtete gültige Fallzahlen je Frage sind in diesen Tabellen nicht ausgewiesen. Die gewichteten Häufigkeiten werden nicht als Anzahl befragter Personen übernommen. Prozentwerte haben eine Nachkommastelle; addierte gerundete Kategorien können von Anteilen aus ungerundeten Daten abweichen. Die Darstellungen verwenden ausschließlich veröffentlichte Tabellenwerte. Keine BW-Auswertung. Selbstbeschreibung, Gottesglaube und Wichtigkeit sind drei getrennte Fragen, keine sich ausschließenden Kategorien.",63.4,published_table
evs2017_religion,"Religiöse Selbstbeschreibung, Gottesglaube und Wichtigkeit",Deutschland,Religion im Leben wichtig oder sehr wichtig,percent,European Values Study 2017,Wohnbevölkerung Deutschlands ab 18 Jahren,2170,2017–2018,Q1.F,"EVS/GESIS (2022): EVS 2017 – Variable Report Integrated Datasets, 2022/05",https://access.gesis.org/dbk/65190#page=105,"PDF-S. 105 (Tabellen-S. 53), v6, Q1.F, Deutschland (DE)","Summe veröffentlichter Kategorien: 13,5 % + 24,2 %","Veröffentlichte Deutschlandwerte aus dem EVS/GESIS-Variablenbericht 2022/05, ZA7500 Version 5.0.0. Die Tabellen sind mit gweight gewichtet und beziehen sich auf gültige Antworten. Studienstichprobe: 2.170 Fälle im integrierten Datensatz (PDF-S. 21). Ungewichtete gültige Fallzahlen je Frage sind in diesen Tabellen nicht ausgewiesen. Die gewichteten Häufigkeiten werden nicht als Anzahl befragter Personen übernommen. Prozentwerte haben eine Nachkommastelle; addierte gerundete Kategorien können von Anteilen aus ungerundeten Daten abweichen. Die Darstellungen verwenden ausschließlich veröffentlichte Tabellenwerte. Keine BW-Auswertung. Selbstbeschreibung, Gottesglaube und Wichtigkeit sind drei getrennte Fragen, keine sich ausschließenden Kategorien.",37.7,published_table
evs2017_nachbarn,EVS: unerwünschte Nachbarn nach Religion,Deutschland,Christen als Nachbarn unerwünscht,percent,European Values Study 2017,Wohnbevölkerung Deutschlands ab 18 Jahren,2170,2017–2018,Q6.F,"EVS/GESIS (2022): EVS 2017 – Variable Report Integrated Datasets, 2022/05",https://access.gesis.org/dbk/65190#page=156,"PDF-S. 156 (Tabellen-S. 104), v27, Q6.F, Deutschland (DE)",Gruppe als unerwünschte Nachbarn genannt,"Veröffentlichte Deutschlandwerte aus dem EVS/GESIS-Variablenbericht 2022/05, ZA7500 Version 5.0.0. Die Tabellen sind mit gweight gewichtet und beziehen sich auf gültige Antworten. Studienstichprobe: 2.170 Fälle im integrierten Datensatz (PDF-S. 21). Ungewichtete gültige Fallzahlen je Frage sind in diesen Tabellen nicht ausgewiesen. Die gewichteten Häufigkeiten werden nicht als Anzahl befragter Personen übernommen. Prozentwerte haben eine Nachkommastelle; addierte gerundete Kategorien können von Anteilen aus ungerundeten Daten abweichen. Die Darstellungen verwenden ausschließlich veröffentlichte Tabellenwerte. Keine BW-Auswertung. Die Nennung unerwünschter Nachbargruppen misst soziale Distanz. Die Frage unterscheidet sich vom Vielfaltsbarometer; keine direkten Niveauvergleiche zwischen den Studien.",1.7,published_table
evs2017_nachbarn,EVS: unerwünschte Nachbarn nach Religion,Deutschland,Juden als Nachbarn unerwünscht,percent,European Values Study 2017,Wohnbevölkerung Deutschlands ab 18 Jahren,2170,2017–2018,Q6.H,"EVS/GESIS (2022): EVS 2017 – Variable Report Integrated Datasets, 2022/05",https://access.gesis.org/dbk/65190#page=160,"PDF-S. 160 (Tabellen-S. 108), v29, Q6.H, Deutschland (DE)",Gruppe als unerwünschte Nachbarn genannt,"Veröffentlichte Deutschlandwerte aus dem EVS/GESIS-Variablenbericht 2022/05, ZA7500 Version 5.0.0. Die Tabellen sind mit gweight gewichtet und beziehen sich auf gültige Antworten. Studienstichprobe: 2.170 Fälle im integrierten Datensatz (PDF-S. 21). Ungewichtete gültige Fallzahlen je Frage sind in diesen Tabellen nicht ausgewiesen. Die gewichteten Häufigkeiten werden nicht als Anzahl befragter Personen übernommen. Prozentwerte haben eine Nachkommastelle; addierte gerundete Kategorien können von Anteilen aus ungerundeten Daten abweichen. Die Darstellungen verwenden ausschließlich veröffentlichte Tabellenwerte. Keine BW-Auswertung. Die Nennung unerwünschter Nachbargruppen misst soziale Distanz. Die Frage unterscheidet sich vom Vielfaltsbarometer; keine direkten Niveauvergleiche zwischen den Studien.",4.3,published_table
evs2017_nachbarn,EVS: unerwünschte Nachbarn nach Religion,Deutschland,Muslime als Nachbarn unerwünscht,percent,European Values Study 2017,Wohnbevölkerung Deutschlands ab 18 Jahren,2170,2017–2018,Q6.G,"EVS/GESIS (2022): EVS 2017 – Variable Report Integrated Datasets, 2022/05",https://access.gesis.org/dbk/65190#page=158,"PDF-S. 158 (Tabellen-S. 106), v28, Q6.G, Deutschland (DE)",Gruppe als unerwünschte Nachbarn genannt,"Veröffentlichte Deutschlandwerte aus dem EVS/GESIS-Variablenbericht 2022/05, ZA7500 Version 5.0.0. Die Tabellen sind mit gweight gewichtet und beziehen sich auf gültige Antworten. Studienstichprobe: 2.170 Fälle im integrierten Datensatz (PDF-S. 21). Ungewichtete gültige Fallzahlen je Frage sind in diesen Tabellen nicht ausgewiesen. Die gewichteten Häufigkeiten werden nicht als Anzahl befragter Personen übernommen. Prozentwerte haben eine Nachkommastelle; addierte gerundete Kategorien können von Anteilen aus ungerundeten Daten abweichen. Die Darstellungen verwenden ausschließlich veröffentlichte Tabellenwerte. Keine BW-Auswertung. Die Nennung unerwünschter Nachbargruppen misst soziale Distanz. Die Frage unterscheidet sich vom Vielfaltsbarometer; keine direkten Niveauvergleiche zwischen den Studien.",13.8,published_table
evs2017_praxis,EVS: religiöse Zugehörigkeit und Praxis,Deutschland,Gehört einer Religionsgemeinschaft an,percent,European Values Study 2017,Wohnbevölkerung Deutschlands ab 18 Jahren,2170,2017–2018,Q13,"EVS/GESIS (2022): EVS 2017 – Variable Report Integrated Datasets, 2022/05",https://access.gesis.org/dbk/65190#page=223,"PDF-S. 223 (Tabellen-S. 171), v51, Q13, Deutschland (DE)",Antwort: ja,"Veröffentlichte Deutschlandwerte aus dem EVS/GESIS-Variablenbericht 2022/05, ZA7500 Version 5.0.0. Die Tabellen sind mit gweight gewichtet und beziehen sich auf gültige Antworten. Studienstichprobe: 2.170 Fälle im integrierten Datensatz (PDF-S. 21). Ungewichtete gültige Fallzahlen je Frage sind in diesen Tabellen nicht ausgewiesen. Die gewichteten Häufigkeiten werden nicht als Anzahl befragter Personen übernommen. Prozentwerte haben eine Nachkommastelle; addierte gerundete Kategorien können von Anteilen aus ungerundeten Daten abweichen. Die Darstellungen verwenden ausschließlich veröffentlichte Tabellenwerte. Keine BW-Auswertung. Zugehörigkeit, Besuch religiöser Veranstaltungen und Gebet sind verschiedene Fragen. Religiöse Veranstaltungen schließen Hochzeiten, Beerdigungen und Taufen aus. Gebet wird ausdrücklich außerhalb religiöser Veranstaltungen erfragt.",63.9,published_table
evs2017_praxis,EVS: religiöse Zugehörigkeit und Praxis,Deutschland,Gottesdienst mindestens wöchentlich,percent,European Values Study 2017,Wohnbevölkerung Deutschlands ab 18 Jahren,2170,2017–2018,Q15,"EVS/GESIS (2022): EVS 2017 – Variable Report Integrated Datasets, 2022/05",https://access.gesis.org/dbk/65190#page=239,"PDF-S. 239 (Tabellen-S. 187), v54, Q15, Deutschland (DE)","Summe veröffentlichter Kategorien: 1,6 % + 7,2 %","Veröffentlichte Deutschlandwerte aus dem EVS/GESIS-Variablenbericht 2022/05, ZA7500 Version 5.0.0. Die Tabellen sind mit gweight gewichtet und beziehen sich auf gültige Antworten. Studienstichprobe: 2.170 Fälle im integrierten Datensatz (PDF-S. 21). Ungewichtete gültige Fallzahlen je Frage sind in diesen Tabellen nicht ausgewiesen. Die gewichteten Häufigkeiten werden nicht als Anzahl befragter Personen übernommen. Prozentwerte haben eine Nachkommastelle; addierte gerundete Kategorien können von Anteilen aus ungerundeten Daten abweichen. Die Darstellungen verwenden ausschließlich veröffentlichte Tabellenwerte. Keine BW-Auswertung. Zugehörigkeit, Besuch religiöser Veranstaltungen und Gebet sind verschiedene Fragen. Religiöse Veranstaltungen schließen Hochzeiten, Beerdigungen und Taufen aus. Gebet wird ausdrücklich außerhalb religiöser Veranstaltungen erfragt.",8.8,published_table
evs2017_praxis,EVS: religiöse Zugehörigkeit und Praxis,Deutschland,Gebet außerhalb von Gottesdiensten mindestens wöchentlich,percent,European Values Study 2017,Wohnbevölkerung Deutschlands ab 18 Jahren,2170,2017–2018,Q22,"EVS/GESIS (2022): EVS 2017 – Variable Report Integrated Datasets, 2022/05",https://access.gesis.org/dbk/65190#page=260,"PDF-S. 260 (Tabellen-S. 208), v64, Q22, Deutschland (DE)","Summe veröffentlichter Kategorien: 16,1 % + 8,4 % + 5,0 %","Veröffentlichte Deutschlandwerte aus dem EVS/GESIS-Variablenbericht 2022/05, ZA7500 Version 5.0.0. Die Tabellen sind mit gweight gewichtet und beziehen sich auf gültige Antworten. Studienstichprobe: 2.170 Fälle im integrierten Datensatz (PDF-S. 21). Ungewichtete gültige Fallzahlen je Frage sind in diesen Tabellen nicht ausgewiesen. Die gewichteten Häufigkeiten werden nicht als Anzahl befragter Personen übernommen. Prozentwerte haben eine Nachkommastelle; addierte gerundete Kategorien können von Anteilen aus ungerundeten Daten abweichen. Die Darstellungen verwenden ausschließlich veröffentlichte Tabellenwerte. Keine BW-Auswertung. Zugehörigkeit, Besuch religiöser Veranstaltungen und Gebet sind verschiedene Fragen. Religiöse Veranstaltungen schließen Hochzeiten, Beerdigungen und Taufen aus. Gebet wird ausdrücklich außerhalb religiöser Veranstaltungen erfragt.",29.5,published_table
evs2017_gottesvorstellungen,EVS: Gottesvorstellungen und Ungewissheit,Deutschland,Persönlicher Gott,percent,European Values Study 2017,Wohnbevölkerung Deutschlands ab 18 Jahren,2170,2017–2018,Q20,"EVS/GESIS (2022): EVS 2017 – Variable Report Integrated Datasets, 2022/05",https://access.gesis.org/dbk/65190#page=255,"PDF-S. 255 (Tabellen-S. 203), v62, Q20, Deutschland (DE)",Eine von vier gültigen Antwortkategorien,"Veröffentlichte Deutschlandwerte aus dem EVS/GESIS-Variablenbericht 2022/05, ZA7500 Version 5.0.0. Die Tabellen sind mit gweight gewichtet und beziehen sich auf gültige Antworten. Studienstichprobe: 2.170 Fälle im integrierten Datensatz (PDF-S. 21). Ungewichtete gültige Fallzahlen je Frage sind in diesen Tabellen nicht ausgewiesen. Die gewichteten Häufigkeiten werden nicht als Anzahl befragter Personen übernommen. Prozentwerte haben eine Nachkommastelle; addierte gerundete Kategorien können von Anteilen aus ungerundeten Daten abweichen. Die Darstellungen verwenden ausschließlich veröffentlichte Tabellenwerte. Keine BW-Auswertung. Vier Antwortmöglichkeiten auf dieselbe Frage. „Weiß nicht, was ich glauben soll“ ist eine inhaltliche Antwort und bleibt im Nenner; die gesonderte fehlende Angabe „weiß nicht“ wird ausgeschlossen.",23.5,published_table
evs2017_gottesvorstellungen,EVS: Gottesvorstellungen und Ungewissheit,Deutschland,Höheres Wesen oder geistige Macht,percent,European Values Study 2017,Wohnbevölkerung Deutschlands ab 18 Jahren,2170,2017–2018,Q20,"EVS/GESIS (2022): EVS 2017 – Variable Report Integrated Datasets, 2022/05",https://access.gesis.org/dbk/65190#page=255,"PDF-S. 255 (Tabellen-S. 203), v62, Q20, Deutschland (DE)",Eine von vier gültigen Antwortkategorien,"Veröffentlichte Deutschlandwerte aus dem EVS/GESIS-Variablenbericht 2022/05, ZA7500 Version 5.0.0. Die Tabellen sind mit gweight gewichtet und beziehen sich auf gültige Antworten. Studienstichprobe: 2.170 Fälle im integrierten Datensatz (PDF-S. 21). Ungewichtete gültige Fallzahlen je Frage sind in diesen Tabellen nicht ausgewiesen. Die gewichteten Häufigkeiten werden nicht als Anzahl befragter Personen übernommen. Prozentwerte haben eine Nachkommastelle; addierte gerundete Kategorien können von Anteilen aus ungerundeten Daten abweichen. Die Darstellungen verwenden ausschließlich veröffentlichte Tabellenwerte. Keine BW-Auswertung. Vier Antwortmöglichkeiten auf dieselbe Frage. „Weiß nicht, was ich glauben soll“ ist eine inhaltliche Antwort und bleibt im Nenner; die gesonderte fehlende Angabe „weiß nicht“ wird ausgeschlossen.",40.3,published_table
evs2017_gottesvorstellungen,EVS: Gottesvorstellungen und Ungewissheit,Deutschland,"Unklar, was ich glauben soll",percent,European Values Study 2017,Wohnbevölkerung Deutschlands ab 18 Jahren,2170,2017–2018,Q20,"EVS/GESIS (2022): EVS 2017 – Variable Report Integrated Datasets, 2022/05",https://access.gesis.org/dbk/65190#page=255,"PDF-S. 255 (Tabellen-S. 203), v62, Q20, Deutschland (DE)",Eine von vier gültigen Antwortkategorien,"Veröffentlichte Deutschlandwerte aus dem EVS/GESIS-Variablenbericht 2022/05, ZA7500 Version 5.0.0. Die Tabellen sind mit gweight gewichtet und beziehen sich auf gültige Antworten. Studienstichprobe: 2.170 Fälle im integrierten Datensatz (PDF-S. 21). Ungewichtete gültige Fallzahlen je Frage sind in diesen Tabellen nicht ausgewiesen. Die gewichteten Häufigkeiten werden nicht als Anzahl befragter Personen übernommen. Prozentwerte haben eine Nachkommastelle; addierte gerundete Kategorien können von Anteilen aus ungerundeten Daten abweichen. Die Darstellungen verwenden ausschließlich veröffentlichte Tabellenwerte. Keine BW-Auswertung. Vier Antwortmöglichkeiten auf dieselbe Frage. „Weiß nicht, was ich glauben soll“ ist eine inhaltliche Antwort und bleibt im Nenner; die gesonderte fehlende Angabe „weiß nicht“ wird ausgeschlossen.",13.5,published_table
evs2017_gottesvorstellungen,EVS: Gottesvorstellungen und Ungewissheit,Deutschland,"Kein Gott, höheres Wesen oder geistige Macht",percent,European Values Study 2017,Wohnbevölkerung Deutschlands ab 18 Jahren,2170,2017–2018,Q20,"EVS/GESIS (2022): EVS 2017 – Variable Report Integrated Datasets, 2022/05",https://access.gesis.org/dbk/65190#page=255,"PDF-S. 255 (Tabellen-S. 203), v62, Q20, Deutschland (DE)",Eine von vier gültigen Antwortkategorien,"Veröffentlichte Deutschlandwerte aus dem EVS/GESIS-Variablenbericht 2022/05, ZA7500 Version 5.0.0. Die Tabellen sind mit gweight gewichtet und beziehen sich auf gültige Antworten. Studienstichprobe: 2.170 Fälle im integrierten Datensatz (PDF-S. 21). Ungewichtete gültige Fallzahlen je Frage sind in diesen Tabellen nicht ausgewiesen. Die gewichteten Häufigkeiten werden nicht als Anzahl befragter Personen übernommen. Prozentwerte haben eine Nachkommastelle; addierte gerundete Kategorien können von Anteilen aus ungerundeten Daten abweichen. Die Darstellungen verwenden ausschließlich veröffentlichte Tabellenwerte. Keine BW-Auswertung. Vier Antwortmöglichkeiten auf dieselbe Frage. „Weiß nicht, was ich glauben soll“ ist eine inhaltliche Antwort und bleibt im Nenner; die gesonderte fehlende Angabe „weiß nicht“ wird ausgeschlossen.",22.7,published_table
evs2017_vertrauen,EVS: Vertrauen zu Menschen anderer Religion,Deutschland,Vertraue völlig,percent,European Values Study 2017,Wohnbevölkerung Deutschlands ab 18 Jahren,2170,2017–2018,Q8.E,"EVS/GESIS (2022): EVS 2017 – Variable Report Integrated Datasets, 2022/05",https://access.gesis.org/dbk/65190#page=182,"PDF-S. 182 (Tabellen-S. 130), v36, Q8.E, Deutschland (DE)",Eine von vier gültigen Antwortkategorien,"Veröffentlichte Deutschlandwerte aus dem EVS/GESIS-Variablenbericht 2022/05, ZA7500 Version 5.0.0. Die Tabellen sind mit gweight gewichtet und beziehen sich auf gültige Antworten. Studienstichprobe: 2.170 Fälle im integrierten Datensatz (PDF-S. 21). Ungewichtete gültige Fallzahlen je Frage sind in diesen Tabellen nicht ausgewiesen. Die gewichteten Häufigkeiten werden nicht als Anzahl befragter Personen übernommen. Prozentwerte haben eine Nachkommastelle; addierte gerundete Kategorien können von Anteilen aus ungerundeten Daten abweichen. Die Darstellungen verwenden ausschließlich veröffentlichte Tabellenwerte. Keine BW-Auswertung. Vier Stufen des Vertrauens zu Menschen einer anderen Religion. Hier werden keine tatsächlich beobachteten Kontakte oder Erfahrungen gezählt.",5.8,published_table
evs2017_vertrauen,EVS: Vertrauen zu Menschen anderer Religion,Deutschland,Vertraue ziemlich,percent,European Values Study 2017,Wohnbevölkerung Deutschlands ab 18 Jahren,2170,2017–2018,Q8.E,"EVS/GESIS (2022): EVS 2017 – Variable Report Integrated Datasets, 2022/05",https://access.gesis.org/dbk/65190#page=182,"PDF-S. 182 (Tabellen-S. 130), v36, Q8.E, Deutschland (DE)",Eine von vier gültigen Antwortkategorien,"Veröffentlichte Deutschlandwerte aus dem EVS/GESIS-Variablenbericht 2022/05, ZA7500 Version 5.0.0. Die Tabellen sind mit gweight gewichtet und beziehen sich auf gültige Antworten. Studienstichprobe: 2.170 Fälle im integrierten Datensatz (PDF-S. 21). Ungewichtete gültige Fallzahlen je Frage sind in diesen Tabellen nicht ausgewiesen. Die gewichteten Häufigkeiten werden nicht als Anzahl befragter Personen übernommen. Prozentwerte haben eine Nachkommastelle; addierte gerundete Kategorien können von Anteilen aus ungerundeten Daten abweichen. Die Darstellungen verwenden ausschließlich veröffentlichte Tabellenwerte. Keine BW-Auswertung. Vier Stufen des Vertrauens zu Menschen einer anderen Religion. Hier werden keine tatsächlich beobachteten Kontakte oder Erfahrungen gezählt.",57.0,published_table
evs2017_vertrauen,EVS: Vertrauen zu Menschen anderer Religion,Deutschland,Vertraue kaum,percent,European Values Study 2017,Wohnbevölkerung Deutschlands ab 18 Jahren,2170,2017–2018,Q8.E,"EVS/GESIS (2022): EVS 2017 – Variable Report Integrated Datasets, 2022/05",https://access.gesis.org/dbk/65190#page=182,"PDF-S. 182 (Tabellen-S. 130), v36, Q8.E, Deutschland (DE)",Eine von vier gültigen Antwortkategorien,"Veröffentlichte Deutschlandwerte aus dem EVS/GESIS-Variablenbericht 2022/05, ZA7500 Version 5.0.0. Die Tabellen sind mit gweight gewichtet und beziehen sich auf gültige Antworten. Studienstichprobe: 2.170 Fälle im integrierten Datensatz (PDF-S. 21). Ungewichtete gültige Fallzahlen je Frage sind in diesen Tabellen nicht ausgewiesen. Die gewichteten Häufigkeiten werden nicht als Anzahl befragter Personen übernommen. Prozentwerte haben eine Nachkommastelle; addierte gerundete Kategorien können von Anteilen aus ungerundeten Daten abweichen. Die Darstellungen verwenden ausschließlich veröffentlichte Tabellenwerte. Keine BW-Auswertung. Vier Stufen des Vertrauens zu Menschen einer anderen Religion. Hier werden keine tatsächlich beobachteten Kontakte oder Erfahrungen gezählt.",30.8,published_table
evs2017_vertrauen,EVS: Vertrauen zu Menschen anderer Religion,Deutschland,Vertraue gar nicht,percent,European Values Study 2017,Wohnbevölkerung Deutschlands ab 18 Jahren,2170,2017–2018,Q8.E,"EVS/GESIS (2022): EVS 2017 – Variable Report Integrated Datasets, 2022/05",https://access.gesis.org/dbk/65190#page=182,"PDF-S. 182 (Tabellen-S. 130), v36, Q8.E, Deutschland (DE)",Eine von vier gültigen Antwortkategorien,"Veröffentlichte Deutschlandwerte aus dem EVS/GESIS-Variablenbericht 2022/05, ZA7500 Version 5.0.0. Die Tabellen sind mit gweight gewichtet und beziehen sich auf gültige Antworten. Studienstichprobe: 2.170 Fälle im integrierten Datensatz (PDF-S. 21). Ungewichtete gültige Fallzahlen je Frage sind in diesen Tabellen nicht ausgewiesen. Die gewichteten Häufigkeiten werden nicht als Anzahl befragter Personen übernommen. Prozentwerte haben eine Nachkommastelle; addierte gerundete Kategorien können von Anteilen aus ungerundeten Daten abweichen. Die Darstellungen verwenden ausschließlich veröffentlichte Tabellenwerte. Keine BW-Auswertung. Vier Stufen des Vertrauens zu Menschen einer anderen Religion. Hier werden keine tatsächlich beobachteten Kontakte oder Erfahrungen gezählt.",6.4,published_table
