ags,name,population,catholic,evangelical,other_none_unstated
08111000,"Stuttgart, Landeshauptstadt",610458,123822,131548,355086
08115001,Aidlingen,9151,1588,3436,4127
08115002,Altdorf,4547,770,1767,2009
08115003,"Böblingen, Stadt",50705,10681,10832,29192
08115004,Bondorf,6197,1159,2211,2829
08115010,Deckenpfronn,3269,448,1511,1313
08115013,Ehningen,9124,1815,2754,4561
08115015,Gärtringen,12903,2381,4181,6342
08115016,Gäufelden,8982,1435,3333,4215
08115021,"Herrenberg, Stadt",33344,5719,11665,15957
08115022,Hildrizhausen,3493,648,1381,1465
08115024,"Holzgerlingen, Stadt",13822,2647,4647,6531
08115028,"Leonberg, Stadt",48337,8483,13056,26798
08115029,Magstadt,9580,2070,2421,5091
08115034,Mötzingen,3711,527,1441,1742
08115037,Nufringen,5753,917,2123,2714
08115041,"Renningen, Stadt",18443,3763,6003,8679
08115042,"Rutesheim, Stadt",10936,1794,3826,5308
08115044,Schönaich,10339,2373,3605,4364
08115045,"Sindelfingen, Stadt",60545,12768,12851,34927
08115046,Steinenbronn,6433,1346,1896,3191
08115048,"Waldenbuch, Stadt",8630,1748,2889,3991
08115050,"Weil der Stadt, Stadt",19411,4249,6062,9099
08115051,Weil im Schönbuch,9720,1765,3573,4385
08115052,Weissach,7624,1189,3000,3434
08115053,Jettingen,7981,1213,3096,3673
08115054,Grafenau,6670,1468,1888,3315
08116004,Altbach,6052,1210,1628,3214
08116005,Altdorf,1684,294,814,577
08116006,Altenriet,1955,336,825,794
08116007,Baltmannsweiler,5516,995,2263,2254
08116008,Bempflingen,3351,656,1419,1275
08116011,Beuren,3612,545,1713,1354
08116012,Bissingen an der Teck,3372,377,1574,1421
08116014,Deizisau,6673,1391,2255,3029
08116015,Denkendorf,11001,2004,3741,5254
08116016,Dettingen unter Teck,6064,942,2352,2772
08116018,Erkenbrechtsweiler,2035,318,929,787
08116019,"Esslingen am Neckar, Stadt",94442,17683,23366,53397
08116020,Frickenhausen,9202,1715,3449,4038
08116022,Großbettlingen,4248,855,1573,1817
08116027,Hochdorf,4647,966,1767,1915
08116029,Holzmaden,2276,365,997,916
08116033,"Kirchheim unter Teck, Stadt",41676,8104,12644,20924
08116035,Köngen,9560,1847,3624,4087
08116036,Kohlberg,2344,279,1237,828
08116037,Lichtenwald,2559,447,965,1145
08116041,Neckartailfingen,3769,629,1656,1486
08116042,Neckartenzlingen,6107,1146,1960,3003
08116043,Neidlingen,1759,229,985,545
08116046,"Neuffen, Stadt",6024,984,2746,2300
08116047,Neuhausen auf den Fildern,12067,3859,2803,5404
08116048,Notzingen,3572,683,1504,1388
08116049,"Nürtingen, Stadt",40212,7869,12432,19912
08116050,Oberboihingen,5486,1066,2063,2359
08116053,Ohmden,1729,289,799,641
08116054,"Owen, Stadt",3337,458,1639,1237
08116056,"Plochingen, Stadt",14178,2723,3545,7913
08116058,Reichenbach an der Fils,7873,1560,2463,3847
08116063,Schlaitdorf,1865,262,775,828
08116068,Unterensingen,4908,1022,1789,2094
08116070,"Weilheim an der Teck, Stadt",9779,1609,3867,4300
08116071,"Wendlingen am Neckar, Stadt",15800,3322,4398,8083
08116072,"Wernau (Neckar), Stadt",11995,4302,2306,5386
08116073,Wolfschlugen,6164,921,2488,2754
08116076,Aichwald,7252,1311,2783,3158
08116077,"Filderstadt, Stadt",45821,8061,14747,23017
08116078,"Leinfelden-Echterdingen, Stadt",40774,7310,11859,21603
08116079,Lenningen,8063,1224,3546,3291
08116080,"Ostfildern, Stadt",39555,7239,11182,21132
08116081,"Aichtal, Stadt",9537,1638,3655,4243
08117001,Adelberg,1972,403,822,749
08117002,Aichelberg,1315,223,470,621
08117003,Albershausen,4397,977,1518,1900
08117006,Bad Ditzenbach,3726,1507,912,1306
08117007,Bad Überkingen,3839,962,1673,1204
08117009,Birenbach,1889,563,589,736
08117010,Böhmenkirch,5537,2869,1021,1650
08117011,Börtlingen,1683,377,755,546
08117012,Bad Boll,5189,894,1990,2299
08117014,Deggingen,5131,2636,964,1535
08117015,"Donzdorf, Stadt",10531,5330,1792,3407
08117016,Drackenstein,459,222,81,159
08117017,Dürnau,2169,490,865,812
08117018,"Ebersbach an der Fils, Stadt",15231,2792,4883,7559
08117019,"Eislingen/Fils, Stadt",21972,6246,4917,10809
08117020,Eschenbach,2137,484,867,787
08117023,Gammelshausen,1464,318,559,586
08117024,"Geislingen an der Steige, Stadt",26869,7127,6372,13372
08117025,Gingen an der Fils,4408,1111,1692,1604
08117026,"Göppingen, Stadt",57809,13583,14501,29725
08117028,Gruibingen,2225,499,950,775
08117029,Hattenhofen,2943,521,1230,1190
08117030,Heiningen,4968,1175,1833,1960
08117031,Hohenstadt,863,361,191,312
08117033,Kuchen,5537,1613,1720,2205
08117035,Mühlhausen im Täle,1088,403,248,441
08117037,Ottenbach,2410,1204,541,663
08117038,Rechberghausen,5413,2030,1392,1992
08117042,Salach,7976,2791,1745,3437
08117043,Schlat,1668,411,783,472
08117044,Schlierbach,3834,886,1463,1489
08117049,"Süßen, Stadt",10048,2796,2865,4384
08117051,"Uhingen, Stadt",14248,2915,4457,6877
08117053,Wäschenbeuren,3912,1772,928,1212
08117055,Wangen,3138,640,1309,1191
08117058,"Wiesensteig, Stadt",1976,762,442,773
08117060,Zell unter Aichelberg,3110,579,1229,1303
08117061,"Lauterstein, Stadt",2505,1362,367,776
08118001,Affalterbach,4304,771,1612,1924
08118003,"Asperg, Stadt",13141,2963,3875,6301
08118006,Benningen am Neckar,6212,1140,2093,2977
08118007,"Besigheim, Stadt",12138,2209,4181,5749
08118010,"Bönnigheim, Stadt",7919,1439,2999,3483
08118011,"Ditzingen, Stadt",22659,4918,6630,11111
08118012,Eberdingen,6698,934,2370,3397
08118014,Erdmannhausen,5193,931,1904,2355
08118015,Erligheim,2839,502,1198,1139
08118016,Freudental,2392,346,963,1085
08118018,Gemmrigheim,4407,745,1637,2027
08118019,"Gerlingen, Stadt",18657,3813,5632,9213
08118021,"Großbottwar, Stadt",7855,1118,3467,3272
08118027,Hemmingen,7809,1421,2274,4111
08118028,Hessigheim,2482,324,1164,991
08118040,Kirchheim am Neckar,5828,911,1831,3081
08118046,"Kornwestheim, Stadt",33536,6456,7161,19919
08118047,Löchgau,5632,1146,2240,2244
08118048,"Ludwigsburg, Stadt",91810,17576,24469,49763
08118049,"Marbach am Neckar, Stadt",15429,3004,4847,7580
08118050,"Markgröningen, Stadt",14043,2932,4499,6612
08118051,Möglingen,10618,1913,3145,5561
08118053,Mundelsheim,3457,532,1565,1358
08118054,Murr,6498,1250,2205,3041
08118059,"Oberriexingen, Stadt",3265,525,1228,1512
08118060,Oberstenfeld,7534,1170,2947,3421
08118063,Pleidelsheim,6058,1295,1790,2972
08118067,Schwieberdingen,11141,2308,3163,5670
08118068,Sersheim,5359,814,2147,2401
08118070,"Steinheim an der Murr, Stadt",11986,2151,4558,5276
08118071,"Tamm, Stadt",12168,2696,3687,5786
08118073,"Vaihingen an der Enz, Stadt",28576,4623,10781,13172
08118074,Walheim,3219,452,1333,1438
08118076,"Sachsenheim, Stadt",18303,2919,6750,8632
08118077,Ingersheim,6239,1050,2394,2793
08118078,"Freiberg am Neckar, Stadt",15434,3170,5106,7154
08118079,"Bietigheim-Bissingen, Stadt",43328,8588,12464,22278
08118080,"Korntal-Münchingen, Stadt",18386,3543,5138,9705
08118081,"Remseck am Neckar, Stadt",26024,5006,7272,13748
08119001,Alfdorf,7292,1368,3386,2535
08119003,Allmersbach im Tal,5065,856,1948,2259
08119004,Althütte,4290,519,1719,2054
08119006,Auenwald,6804,1075,2958,2770
08119008,"Backnang, Stadt",38202,6238,11462,20500
08119018,Burgstetten,3749,625,1513,1610
08119020,"Fellbach, Stadt",46147,10832,11777,23540
08119024,Großerlach,2616,278,1091,1249
08119037,Kaisersbach,2461,240,1391,831
08119038,Kirchberg an der Murr,4004,504,1758,1738
08119041,Korb,11262,2034,3652,5576
08119042,Leutenbach,12121,2242,4116,5762
08119044,"Murrhardt, Stadt",14360,2381,5448,6533
08119053,Oppenweiler,4440,721,1805,1915
08119055,Plüderhausen,9687,2023,3092,4570
08119061,Rudersberg,11704,1903,4779,5022
08119067,"Schorndorf, Stadt",40548,7717,13768,19065
08119068,Schwaikheim,9693,1906,3148,4639
08119069,Spiegelberg,2186,264,1002,923
08119075,Sulzbach an der Murr,5279,760,2196,2322
08119076,Urbach,8951,1714,3499,3732
08119079,"Waiblingen, Stadt",57280,11373,15291,30617
08119083,Weissach im Tal,7436,1251,2932,3253
08119084,"Welzheim, Stadt",11120,1802,4349,4968
08119085,"Winnenden, Stadt",29297,5224,8981,15094
08119086,Winterbach,7661,1317,3114,3236
08119087,Aspach,8380,1255,3753,3371
08119089,Berglen,6708,924,2975,2807
08119090,Remshalden,14349,2702,5407,6242
08119091,"Weinstadt, Stadt",26807,4960,9882,11964
08119093,Kernen im Remstal,15761,3310,5489,6961
08121000,"Heilbronn, Universitätsstadt",128303,24091,32340,71872
08125001,Abstatt,4896,827,1789,2280
08125005,"Bad Friedrichshall, Stadt",19746,5083,4820,9840
08125006,"Bad Rappenau, Stadt",22333,5603,7686,9044
08125007,"Bad Wimpfen, Stadt",7311,1610,2488,3212
08125008,"Beilstein, Stadt",6201,942,2358,2903
08125013,"Brackenheim, Stadt",16475,2581,6906,6985
08125017,Cleebronn,3125,415,1368,1344
08125021,Eberstadt,3105,513,1455,1137
08125024,Ellhofen,3929,769,1473,1686
08125026,"Eppingen, Stadt",22424,5317,8407,8698
08125027,Erlenbach,5151,1842,1176,2133
08125030,Flein,7276,1236,2823,3219
08125034,Gemmingen,5466,1070,2125,2271
08125038,"Güglingen, Stadt",6380,847,2271,3259
08125039,"Gundelsheim, Stadt",7589,3659,1379,2553
08125046,Ilsfeld,9669,1278,4000,4391
08125047,Ittlingen,2619,633,964,1021
08125048,Jagsthausen,1731,327,623,784
08125049,Kirchardt,5878,1107,1819,2955
08125056,"Lauffen am Neckar, Stadt",11985,2012,4445,5529
08125057,Lehrensteinsfeld,2656,408,1228,1020
08125058,"Leingarten, Stadt",11717,2071,4496,5155
08125059,"Löwenstein, Stadt",3388,437,1572,1380
08125061,Massenbachhausen,3668,1134,963,1560
08125063,"Möckmühl, Stadt",8261,1449,3071,3739
08125065,"Neckarsulm, Stadt",26221,6747,5863,13615
08125066,Neckarwestheim,4103,620,1638,1844
08125068,"Neudenau, Stadt",5338,2108,1247,1989
08125069,"Neuenstadt am Kocher, Stadt",10157,2756,3338,4063
08125074,Nordheim,8457,1285,3684,3489
08125078,Oedheim,6534,2532,1407,2603
08125079,Offenau,2909,1018,549,1338
08125081,Pfaffenhofen,2443,233,1166,1047
08125084,Roigheim,1444,245,592,606
08125086,"Schwaigern, Stadt",11493,2104,5085,4303
08125087,Siegelsbach,1667,462,578,623
08125094,Talheim,4972,1166,1744,2060
08125096,Untereisesheim,4241,896,1376,1969
08125098,Untergruppenbach,8540,1330,3307,3907
08125102,"Weinsberg, Stadt",12708,2239,4352,6117
08125103,"Widdern, Stadt",1804,356,774,678
08125107,Wüstenrot,6779,721,3222,2835
08125108,Zaberfeld,4179,472,1964,1744
08125110,Obersulm,13845,2300,5939,5608
08125111,Hardthausen am Kocher,4227,621,2066,1546
08125113,Langenbrettach,3918,501,2026,1392
08126011,Bretzfeld,12498,1802,5664,5026
08126020,Dörzbach,2516,764,1117,636
08126028,"Forchtenberg, Stadt",5271,1098,2266,1907
08126039,"Ingelfingen, Stadt",5430,1663,2245,1523
08126045,"Krautheim, Stadt",4662,2699,813,1154
08126046,"Künzelsau, Stadt",15733,3906,5771,6058
08126047,Kupferzell,6421,1197,2958,2267
08126056,Mulfingen,3621,1821,1109,691
08126058,"Neuenstein, Stadt",6644,939,3289,2416
08126060,"Niedernhall, Stadt",4143,1043,1556,1544
08126066,"Öhringen, Stadt",25320,5140,9622,10559
08126069,Pfedelbach,9427,1649,4413,3367
08126072,Schöntal,5568,3630,821,1116
08126085,"Waldenburg, Stadt",2970,517,1215,1235
08126086,Weißbach,2018,416,727,875
08126094,Zweiflingen,1785,220,993,569
08127008,Blaufelden,5323,632,3224,1471
08127009,Braunsbach,2444,301,1453,692
08127012,Bühlertann,3066,1282,1034,753
08127013,Bühlerzell,2050,867,741,439
08127014,"Crailsheim, Stadt",34395,6023,14319,14051
08127023,Fichtenberg,2824,402,1397,1024
08127025,"Gaildorf, Stadt",12071,2407,4437,5224
08127032,"Gerabronn, Stadt",4463,766,2214,1484
08127043,"Ilshofen, Stadt",6909,972,3654,2283
08127046,"Kirchberg an der Jagst, Stadt",4198,519,1999,1681
08127047,"Langenburg, Stadt",1845,309,977,561
08127052,Mainhardt,5963,723,3009,2230
08127056,Michelbach an der Bilz,3374,685,1586,1102
08127059,Michelfeld,3750,513,1866,1371
08127062,Oberrot,3451,539,1519,1395
08127063,Obersontheim,5340,880,2728,1734
08127071,Rot am See,5434,666,3343,1426
08127073,Satteldorf,5564,829,3217,1520
08127075,"Schrozberg, Stadt",5719,976,3247,1494
08127076,"Schwäbisch Hall, Stadt",41247,6828,16778,17642
08127079,Sulzbach-Laufen,2528,344,1462,720
08127086,Untermünkheim,3018,340,1700,976
08127089,"Vellberg, Stadt",4596,738,2323,1538
08127091,Wallhausen,3679,498,2078,1107
08127099,Wolpertshausen,2292,281,1135,872
08127100,Rosengarten,5238,800,2493,1941
08127101,Kreßberg,3971,541,2289,1135
08127102,Fichtenau,4619,2032,1651,937
08127103,Frankenhardt,4892,660,2957,1275
08127104,Stimpfach,3033,1320,951,766
08128006,Assamstadt,2237,1580,238,427
08128007,"Bad Mergentheim, Stadt",23971,9444,6594,7933
08128014,"Boxberg, Stadt",6659,2273,2826,1556
08128020,"Creglingen, Stadt",4504,552,3092,858
08128039,"Freudenberg, Stadt",3697,2326,378,990
08128045,Großrinderfeld,4048,2845,406,798
08128047,"Grünsfeld, Stadt",3639,2457,484,702
08128058,Igersheim,5452,2736,1354,1359
08128061,Königheim,3003,2227,314,461
08128064,"Külsheim, Stadt",5218,3325,690,1205
08128082,"Niederstetten, Stadt",4857,896,2838,1124
08128115,"Tauberbischofsheim, Stadt",13201,6755,2233,4209
08128126,"Weikersheim, Stadt",7560,2319,3150,2091
08128128,Werbach,3203,1630,868,704
08128131,"Wertheim, Stadt",22799,6916,8491,7389
08128137,Wittighausen,1687,1128,155,409
08128138,Ahorn,2202,989,820,393
08128139,"Lauda-Königshofen, Stadt",14278,7629,2282,4364
08135010,Dischingen,4332,2905,483,940
08135015,Gerstetten,11621,2116,5645,3861
08135016,"Giengen an der Brenz, Stadt",19433,5822,5193,8422
08135019,"Heidenheim an der Brenz, Stadt",49964,12374,13373,24212
08135020,"Herbrechtingen, Stadt",13192,3702,4434,5056
08135021,Hermaringen,2281,604,944,732
08135025,Königsbronn,7032,2054,2501,2482
08135026,Nattheim,6363,2123,2186,2053
08135027,"Niederstotzingen, Stadt",4742,1799,1400,1545
08135031,Sontheim an der Brenz,5744,1261,2583,1902
08135032,Steinheim am Albuch,8722,2214,3619,2889
08136002,Abtsgmünd,7351,3383,2041,1929
08136003,Adelmannsfelden,1701,556,781,364
08136007,Bartholomä,2090,982,550,555
08136009,Böbingen an der Rems,4640,2094,1075,1471
08136010,"Bopfingen, Stadt",11670,5421,2821,3426
08136015,Durlangen,2755,1388,597,773
08136018,Ellenberg,1754,1256,229,268
08136019,"Ellwangen (Jagst), Stadt",24614,13172,4180,7263
08136020,Eschach,1832,583,808,441
08136021,Essingen,6386,2135,2420,1831
08136024,Göggingen,2484,1141,665,678
08136027,Gschwend,4641,769,2528,1344
08136028,"Heubach, Stadt",10026,3544,2316,4166
08136029,Heuchlingen,1853,1112,326,416
08136033,Hüttlingen,5983,3523,977,1487
08136034,Iggingen,2497,1419,436,642
08136035,Jagstzell,2306,1587,280,437
08136037,Kirchheim am Ries,1784,916,491,378
08136038,"Lauchheim, Stadt",4712,2641,806,1265
08136040,Leinzell,2039,852,447,739
08136042,"Lorch, Stadt",10784,2285,3821,4681
08136043,Mögglingen,4288,1952,862,1472
08136044,Mutlangen,6852,2826,1397,2630
08136045,"Neresheim, Stadt",7967,4956,1342,1668
08136046,Neuler,3206,2418,334,453
08136049,Obergröningen,435,95,207,133
08136050,"Oberkochen, Stadt",7793,2828,1824,3141
08136060,Rosenberg,2623,1472,577,570
08136061,Ruppertshofen,1833,407,837,590
08136062,Schechingen,2218,1256,418,541
08136065,"Schwäbisch Gmünd, Stadt",63449,23186,12207,28059
08136066,Spraitbach,3418,1375,1064,977
08136068,Stödtlen,1797,1102,450,250
08136070,Täferrot,1035,270,411,357
08136071,Tannhausen,1801,1344,192,263
08136075,Unterschneidheim,4806,3650,606,550
08136079,Waldstetten,7056,4143,1015,1898
08136082,Westhausen,6098,3672,999,1425
08136084,Wört,1472,736,472,263
08136087,Riesbürg,2217,1082,692,444
08136088,"Aalen, Stadt",67139,27831,12849,26458
08136089,Rainau,3292,2185,425,683
08211000,"Baden-Baden, Stadt",55887,19508,8366,28015
08212000,"Karlsruhe, Stadt",305408,77429,72314,155663
08215007,"Bretten, Stadt",29871,8413,8599,12857
08215009,"Bruchsal, Stadt",46780,16923,9746,20114
08215017,"Ettlingen, Stadt",38461,14045,7651,16765
08215021,Forst,8029,3638,1304,3089
08215025,Gondelsheim,4103,1040,1245,1813
08215029,Hambrücken,5571,3329,648,1598
08215039,Kronau,5960,3348,634,1978
08215040,Kürnbach,2346,443,1076,825
08215046,Malsch,14884,6634,2035,6217
08215047,Marxzell,5047,2528,956,1559
08215059,Oberderdingen,11358,2616,3796,4943
08215064,"Östringen, Stadt",13258,6533,2030,4697
08215066,"Philippsburg, Stadt",13558,5288,1759,6509
08215082,Sulzfeld,4951,896,2076,1977
08215084,Ubstadt-Weiher,13154,6862,2186,4108
08215089,Walzbachtal,9900,2915,3037,3946
08215090,Weingarten (Baden),10428,2698,3335,4391
08215094,Zaisenhausen,1832,343,886,605
08215096,Karlsbad,16181,3225,6399,6552
08215097,"Kraichtal, Stadt",14731,4005,5944,4780
08215099,Graben-Neudorf,12146,4099,3393,4653
08215100,Bad Schönborn,13129,5267,2230,5633
08215101,Pfinztal,18286,4082,6076,8127
08215102,Eggenstein-Leopoldshafen,16823,3699,5375,7747
08215103,Karlsdorf-Neuthard,10691,4955,1663,4076
08215105,Linkenheim-Hochstetten,12265,2614,4362,5287
08215106,"Waghäusel, Stadt",21993,10711,2859,8425
08215107,Oberhausen-Rheinhausen,9505,5035,1085,3382
08215108,"Rheinstetten, Stadt",20820,8798,3715,8307
08215109,"Stutensee, Stadt",24980,5585,8301,11085
08215110,Waldbronn,13324,5576,2497,5248
08215111,Dettenheim,6749,1330,3170,2248
08216002,Au am Rhein,3377,1806,382,1190
08216005,Bietigheim,6373,2954,912,2505
08216006,Bischweier,3009,1350,421,1239
08216007,"Bühl, Stadt",28782,13948,3821,11011
08216008,Bühlertal,7788,4182,716,2890
08216009,Durmersheim,11947,4665,1895,5388
08216012,Elchesheim-Illingen,3239,1690,392,1156
08216013,Forbach,4497,2539,510,1449
08216015,"Gaggenau, Stadt",29553,12946,3907,12701
08216017,"Gernsbach, Stadt",14167,5560,2768,5841
08216022,Hügelsheim,5052,1985,978,2085
08216023,Iffezheim,5175,2819,652,1704
08216024,"Kuppenheim, Stadt",8219,3941,1122,3155
08216028,"Lichtenau, Stadt",4940,1507,1667,1770
08216029,Loffenau,2520,605,912,1009
08216033,Muggensturm,6100,2902,781,2415
08216039,Ötigheim,4905,2529,653,1721
08216041,Ottersweier,6356,3683,699,1974
08216043,"Rastatt, Stadt",50546,18197,8176,24176
08216049,Sinzheim,11380,5408,1472,4499
08216052,Steinmauern,3120,1469,438,1211
08216059,Weisenbach,2434,1388,286,763
08216063,Rheinmünster,6592,3407,890,2295
08221000,"Heidelberg, Stadt",153809,32390,38480,82939
08222000,"Mannheim, Universitätsstadt",313693,74377,59430,179886
08225001,"Adelsheim, Stadt",5058,1530,1932,1597
08225002,Aglasterhausen,4836,1373,2107,1356
08225009,Billigheim,5975,3136,1152,1690
08225010,Binau,1369,359,512,501
08225014,"Buchen (Odenwald), Stadt",18021,9037,3778,5206
08225024,Fahrenbach,2698,1248,849,601
08225032,Hardheim,6765,4131,900,1734
08225033,Haßmersheim,4956,1433,1534,1989
08225039,Höpfingen,3039,2082,322,638
08225042,Hüffenhardt,2034,481,986,567
08225052,Limbach,4407,2897,569,941
08225058,"Mosbach, Stadt",24413,8176,6514,9723
08225060,Mudau,4863,3301,525,1032
08225064,Neckargerach,2278,760,821,700
08225067,Neckarzimmern,1434,388,416,624
08225068,Neunkirchen,1855,551,841,461
08225074,Obrigheim,5395,1798,1768,1830
08225075,"Osterburken, Stadt",6525,2895,1837,1794
08225082,Rosenberg,2062,570,971,519
08225091,Seckach,3983,1835,1088,1058
08225109,"Walldürn, Stadt",11557,6657,1632,3269
08225113,Zwingenberg,658,205,264,191
08225114,"Ravenstein, Stadt",2992,1488,710,793
08225115,Schefflenz,3846,1351,1481,1014
08225116,Schwarzach,2924,986,1128,807
08225117,Elztal,5836,2035,2154,1645
08225118,Waldbrunn,4691,1304,2070,1317
08226003,Altlußheim,6247,1367,1998,2881
08226006,Bammental,6504,1529,2225,2748
08226009,Brühl,14279,4383,3426,6469
08226010,Dielheim,9151,4289,1400,3462
08226012,Dossenheim,12641,3504,3557,5580
08226013,"Eberbach, Stadt",14607,3820,4989,5797
08226017,Epfenbach,2400,739,952,708
08226018,"Eppelheim, Stadt",15590,3528,3985,8079
08226020,Eschelbronn,2694,608,1043,1047
08226022,Gaiberg,2335,539,747,1054
08226027,Heddesbach,487,124,195,166
08226028,Heddesheim,12127,3256,3458,5415
08226029,Heiligkreuzsteinach,2646,595,1024,1028
08226031,"Hemsbach, Stadt",11986,2919,3439,5630
08226032,"Hockenheim, Stadt",21634,5553,5405,10674
08226036,Ilvesheim,9253,2600,2387,4264
08226037,Ketsch,13120,4380,2951,5793
08226038,"Ladenburg, Stadt",12371,3109,3440,5820
08226040,Laudenbach,6484,1746,1935,2806
08226041,"Leimen, Stadt",26852,6088,7136,13629
08226046,Malsch,3409,1621,526,1263
08226048,Mauer,4142,1290,1324,1525
08226049,Meckesheim,5303,1557,1947,1800
08226054,Mühlhausen,8702,3770,1522,3409
08226055,"Neckarbischofsheim, Stadt",4128,1094,1501,1532
08226056,"Neckargemünd, Stadt",13201,3295,3946,5958
08226058,Neidenstein,1790,457,807,523
08226059,Neulußheim,7143,1556,2097,3487
08226060,Nußloch,11321,2884,3335,5097
08226062,Oftersheim,12241,3230,3472,5542
08226063,Plankstadt,10374,3049,2747,4577
08226065,"Rauenberg, Stadt",8724,3834,1429,3458
08226066,Reichartshausen,2123,455,1055,613
08226068,Reilingen,8179,2266,2279,3639
08226076,Sandhausen,15350,3608,4763,6984
08226080,"Schönau, Stadt",4412,958,1619,1840
08226081,Schönbrunn,2888,563,1449,876
08226082,"Schriesheim, Stadt",14994,3548,5106,6340
08226084,"Schwetzingen, Stadt",21732,5379,5122,11223
08226085,"Sinsheim, Stadt",36517,8655,12132,15727
08226086,Spechbach,1689,505,646,534
08226091,"Waibstadt, Stadt",5764,2046,1381,2336
08226095,"Walldorf, Stadt",15987,3534,4009,8442
08226096,"Weinheim, Stadt",45823,10429,13542,21851
08226097,Wiesenbach,3184,899,1039,1239
08226098,"Wiesloch, Stadt",27095,7293,6473,13329
08226099,Wilhelmsfeld,3211,718,1104,1384
08226101,Zuzenhausen,2267,673,850,746
08226102,Angelbachtal,5183,1420,1734,2029
08226103,St  Leon-Rot,13996,6357,2109,5528
08226104,Lobbach,2394,832,875,686
08226105,Edingen-Neckarhausen,14365,3598,3918,6851
08226106,Helmstadt-Bargen,3840,942,1640,1260
08226107,Hirschberg an der Bergstraße,9642,2440,3356,3847
08231000,"Pforzheim, Stadt",133110,28082,31791,73237
08235006,"Altensteig, Stadt",10846,1532,4712,4597
08235007,Althengstett,7732,1214,3212,3305
08235008,"Bad Liebenzell, Stadt",9195,1567,3432,4199
08235018,Dobel,2318,452,854,1012
08235020,Ebhausen,4782,729,2366,1688
08235022,Egenhausen,1992,183,1082,728
08235025,Enzklösterle,1304,197,646,467
08235029,Gechingen,3605,528,1582,1494
08235032,"Haiterbach, Stadt",5959,1145,2604,2212
08235033,"Bad Herrenalb, Stadt",7558,1625,2318,3615
08235035,Höfen an der Enz,1622,252,686,684
08235046,"Nagold, Stadt",23221,5343,7872,10008
08235047,"Neubulach, Stadt",5730,623,2910,2198
08235050,Neuweiler,3120,319,1947,859
08235055,Oberreichenbach,2908,291,1508,1111
08235057,Ostelsheim,2475,405,1078,989
08235060,Rohrdorf,1936,344,780,812
08235065,Schömberg,7730,1303,2973,3455
08235066,Simmersfeld,2220,230,1384,609
08235067,Simmozheim,2809,495,1125,1193
08235073,Unterreichenbach,2370,431,834,1109
08235079,"Bad Wildbad, Stadt",10350,1997,4019,4333
08235080,"Wildberg, Stadt",9998,1311,4752,3934
08235084,"Bad Teinach-Zavelstein, Stadt",3103,384,1529,1192
08235085,"Calw, Stadt",24538,4685,8189,11658
08236004,Birkenfeld,10178,1861,3971,4344
08236011,Eisingen,4590,818,1869,1906
08236013,Engelsbrand,4416,685,1835,1894
08236019,Friolzheim,3966,823,1259,1883
08236025,"Heimsheim, Stadt",5420,1009,1781,2631
08236028,Illingen,7661,1471,3028,3163
08236030,Ispringen,5810,1351,2002,2459
08236031,Kieselbronn,2943,432,1451,1066
08236033,"Knittlingen, Stadt",7962,1314,3233,3416
08236038,"Maulbronn, Stadt",6387,904,2546,2939
08236039,Mönsheim,2929,489,1176,1263
08236040,"Mühlacker, Stadt",26420,4029,8646,13752
08236043,"Neuenbürg, Stadt",8134,1247,2936,3951
08236044,Neuhausen,5143,1947,1174,2022
08236046,Niefern-Öschelbronn,12352,2211,4137,6002
08236050,Ötisheim,4586,709,2037,1841
08236061,Sternenfels,2810,308,1364,1136
08236062,Tiefenbronn,5290,1633,1503,2155
08236065,Wiernsheim,6721,1019,2719,2981
08236067,Wimsheim,2787,499,1131,1158
08236068,Wurmberg,3218,384,1267,1566
08236070,Keltern,8736,1211,4158,3370
08236071,Remchingen,11832,2119,5471,4240
08236072,Straubenhardt,11279,1586,5145,4550
08236073,Neulingen,6571,1162,2903,2504
08236074,Kämpfelbach,6221,2899,1335,1985
08236075,Ölbronn-Dürrn,3444,547,1552,1341
08236076,Königsbach-Stein,10093,2032,4332,3727
08237002,"Alpirsbach, Stadt",6180,1111,2780,2292
08237004,Baiersbronn,15269,2561,7491,5218
08237019,"Dornstetten, Stadt",8119,1554,3741,2827
08237024,Empfingen,4173,2084,681,1409
08237027,Eutingen im Gäu,6024,2739,1070,2216
08237028,"Freudenstadt, Stadt",24034,4463,9167,10400
08237030,Glatten,2521,405,1294,821
08237032,Grömbach,629,62,365,196
08237040,"Horb am Neckar, Stadt",25424,10842,4998,9586
08237045,Loßburg,7684,1029,4052,2603
08237054,Pfalzgrafenweiler,7203,932,3384,2880
08237061,Schopfloch,2584,354,1586,643
08237072,Wörnersberg,213,14,136,65
08237073,Seewald,2134,246,1195,686
08237074,Waldachtal,6163,2200,1833,2130
08237075,Bad Rippoldsau-Schapbach,2047,1441,197,410
08311000,"Freiburg im Breisgau, Stadt",233040,68184,44804,120056
08315003,Au,1496,568,266,662
08315004,Auggen,2843,519,1062,1259
08315006,"Bad Krozingen, Stadt",22044,6989,3996,11062
08315007,Badenweiler,4604,842,1246,2515
08315008,Ballrechten-Dottingen,2412,1052,472,891
08315013,Bötzingen,5448,1314,1797,2338
08315014,Bollschweil,2285,1082,288,919
08315015,"Breisach am Rhein, Stadt",15886,5646,3393,6842
08315016,Breitnau,1858,1143,186,530
08315020,Buchenbach,3189,1743,354,1095
08315022,Buggingen,4406,939,1696,1773
08315028,Ebringen,2812,1253,485,1071
08315030,Eichstetten am Kaiserstuhl,3689,640,1538,1516
08315031,Eisenbach (Hochschwarzwald),2150,1275,243,633
08315033,Eschbach,2456,910,461,1084
08315037,Feldberg (Schwarzwald),1903,787,285,831
08315039,Friedenweiler,2009,1109,237,668
08315041,Glottertal,3253,1918,350,979
08315043,Gottenheim,2955,1384,419,1154
08315047,Gundelfingen,12030,3606,2688,5734
08315048,Hartheim am Rhein,5047,2284,792,1971
08315050,"Heitersheim, Stadt",6441,2201,1287,2957
08315051,Heuweiler,1132,542,173,416
08315052,Hinterzarten,2497,1184,399,909
08315056,Horben,1201,548,187,465
08315059,Ihringen,6212,1527,2565,2121
08315064,Kirchzarten,9978,4291,1941,3744
08315068,Lenzkirch,5098,2536,847,1712
08315070,"Löffingen, Stadt",7675,4303,1061,2313
08315072,Merdingen,2584,1522,364,703
08315073,Merzhausen,5215,1700,1040,2478
08315074,"Müllheim, Stadt",19638,4075,6398,9163
08315076,"Neuenburg am Rhein, Stadt",12636,3758,3082,5789
08315084,Oberried,2849,1686,258,905
08315089,Pfaffenweiler,2631,1438,380,813
08315094,St  Märgen,1958,1338,132,488
08315095,St  Peter,2672,1583,297,792
08315098,Schallstadt,6396,1671,1912,2814
08315102,Schluchsee,2562,1225,355,986
08315107,Sölden,1284,620,176,486
08315108,"Staufen im Breisgau, Stadt",8322,2952,1658,3711
08315109,Stegen,4332,2192,705,1434
08315111,"Sulzburg, Stadt",2725,633,943,1148
08315113,"Titisee-Neustadt, Stadt",12761,6129,1857,4775
08315115,Umkirch,5662,1834,1097,2732
08315125,Wittnau,1480,681,230,569
08315130,Münstertal/Schwarzwald,5098,2957,584,1556
08315131,Ehrenkirchen,7665,3620,1129,2916
08315132,March,9223,3873,1631,3718
08315133,"Vogtsburg im Kaiserstuhl, Stadt",6235,3044,1298,1891
08316002,Bahlingen am Kaiserstuhl,4373,846,2091,1437
08316003,Biederbach,1722,1334,109,276
08316009,Denzlingen,13579,4297,3353,5931
08316010,"Elzach, Stadt",7368,5048,775,1549
08316011,"Emmendingen, Stadt",29137,6917,8242,13982
08316012,"Endingen am Kaiserstuhl, Stadt",10022,4365,2295,3362
08316013,Forchheim,1407,859,178,365
08316014,Gutach im Breisgau,4579,2677,518,1383
08316017,"Herbolzheim, Stadt",10813,3969,2697,4146
08316020,"Kenzingen, Stadt",10513,4243,2329,3941
08316024,Malterdingen,3265,609,1436,1221
08316036,Reute,2835,1433,449,956
08316037,Riegel am Kaiserstuhl,3979,1346,941,1692
08316038,Sasbach am Kaiserstuhl,3414,1798,665,955
08316039,Sexau,3432,770,1493,1174
08316042,Simonswald,2943,1933,280,730
08316043,Teningen,11796,2908,4563,4322
08316045,Vörstetten,3153,774,1017,1366
08316049,Weisweil,2157,435,980,742
08316051,Wyhl am Kaiserstuhl,3978,2307,533,1145
08316053,Rheinhausen,4115,2320,551,1249
08316054,Freiamt,4199,528,2652,1018
08316055,Winden im Elztal,2828,1837,277,713
08316056,"Waldkirch, Stadt",21243,9323,3407,8512
08317001,"Achern, Stadt",25696,13088,3732,8874
08317005,Appenweier,10274,5334,1695,3248
08317008,Bad Peterstal-Griesbach,2594,1628,221,750
08317009,Berghaupten,2460,1469,305,683
08317011,Biberach,3716,2330,400,987
08317021,Durbach,4048,2364,507,1177
08317026,"Ettenheim, Stadt",13424,6400,2464,4561
08317029,Fischerbach,1706,1085,208,414
08317031,Friesenheim,13509,5808,3278,4422
08317034,"Gengenbach, Stadt",11056,5548,1570,3932
08317039,Gutach (Schwarzwaldbahn),2282,580,1106,596
08317040,"Haslach im Kinzigtal, Stadt",7156,3835,1024,2297
08317041,"Hausach, Stadt",5807,2766,1016,2029
08317046,Hofstetten,1786,1354,158,273
08317047,Hohberg,8128,4542,1324,2264
08317051,"Hornberg, Stadt",4160,1291,1425,1446
08317056,Kappelrodeck,6190,4051,597,1541
08317057,"Kehl, Stadt",38556,8213,12321,18022
08317059,Kippenheim,5485,1834,1747,1904
08317065,"Lahr/Schwarzwald, Stadt",49103,13094,14312,21695
08317067,Lautenbach,1935,1302,180,453
08317068,Lauf,4015,2436,435,1144
08317073,"Mahlberg, Stadt",5191,2173,1191,1823
08317075,Meißenheim,4135,1066,1854,1211
08317078,Mühlenbach,1666,1258,123,284
08317085,Nordrach,1823,1145,165,513
08317088,Oberharmersbach,2426,1832,147,448
08317089,"Oberkirch, Stadt",19628,11401,2579,5649
08317093,Oberwolfach,2551,1939,204,413
08317096,"Offenburg, Stadt",62220,23519,12158,26542
08317097,Ohlsbach,3296,1844,413,1038
08317098,"Oppenau, Stadt",4890,3229,388,1269
08317100,Ortenberg,3424,1834,498,1090
08317102,Ottenhöfen im Schwarzwald,3162,1997,291,872
08317110,"Renchen, Stadt",7473,4113,1018,2340
08317113,Ringsheim,2467,1417,359,691
08317114,Rust,4523,2160,559,1805
08317116,Sasbach,5286,2952,795,1536
08317118,Sasbachwalden,2605,1422,278,907
08317121,Schuttertal,3192,2475,243,473
08317122,Schutterwald,7200,3916,1056,2228
08317126,Seebach,1441,964,109,369
08317127,Seelbach,4850,2709,857,1283
08317129,Steinach,3934,2850,356,726
08317141,Willstätt,9837,2091,4229,3516
08317145,"Wolfach, Stadt",5607,2726,1366,1513
08317146,"Zell am Harmersbach, Stadt",8106,4561,1209,2333
08317150,Schwanau,6925,1367,3491,2069
08317151,Neuried,9826,3412,3517,2889
08317152,Kappel-Grafenhausen,5236,2880,708,1648
08317153,"Rheinau, Stadt",11236,2300,5306,3632
08325001,Aichhalden,4171,1747,1287,1137
08325009,Bösingen,3372,2178,395,793
08325011,Dietingen,4146,2210,623,1315
08325012,"Dornhan, Stadt",6163,1265,2808,2088
08325014,Dunningen,6369,3881,734,1755
08325015,Epfendorf,3172,1387,886,900
08325024,Hardt,2458,1592,390,472
08325036,Lauterbach,2753,1631,337,786
08325045,"Oberndorf am Neckar, Stadt",14522,5080,3627,5813
08325049,"Rottweil, Stadt",24668,10494,4761,9411
08325050,Schenkenzell,1852,1027,318,508
08325051,"Schiltach, Stadt",3641,1140,1373,1126
08325053,"Schramberg, Stadt",20446,8571,4148,7726
08325057,"Sulz am Neckar, Stadt",12671,2740,5040,4891
08325060,Villingendorf,3349,1787,469,1092
08325061,Vöhringen,4307,700,2014,1596
08325064,Wellendingen,3252,1580,489,1179
08325069,Zimmern ob Rottweil,6332,2930,1309,2095
08325070,Fluorn-Winzeln,3072,1308,926,837
08325071,Eschbronn,2083,935,577,570
08325072,Deißlingen,6134,2973,1158,2002
08326003,"Bad Dürrheim, Stadt",12982,4430,3326,5227
08326005,"Blumberg, Stadt",9925,4238,1520,4168
08326006,"Bräunlingen, Stadt",5698,3315,560,1823
08326010,Dauchingen,3765,1388,934,1446
08326012,"Donaueschingen, Stadt",21883,9346,3934,8605
08326017,"Furtwangen im Schwarzwald, Stadt",8374,4584,894,2897
08326020,Gütenbach,1069,699,76,295
08326027,"Hüfingen, Stadt",7872,3827,1044,3001
08326031,Königsfeld im Schwarzwald,5818,1622,2116,2083
08326037,Mönchweiler,2803,811,1005,986
08326041,Niedereschach,5839,2527,1214,2096
08326052,"St  Georgen im Schwarzwald, Stadt",12265,3661,4012,4594
08326054,Schönwald im Schwarzwald,2483,1316,354,811
08326055,Schonach im Schwarzwald,3854,2426,461,966
08326060,"Triberg im Schwarzwald, Stadt",4412,2206,553,1653
08326061,Tuningen,2968,756,983,1232
08326065,Unterkirnach,2511,972,421,1118
08326068,"Vöhrenbach, Stadt",3621,2208,341,1072
08326074,"Villingen-Schwenningen, Stadt",87478,27627,18982,40867
08326075,Brigachtal,4976,2343,894,1735
08327002,Aldingen,7660,2459,2099,3105
08327004,Bärenthal,489,352,27,111
08327005,Balgheim,1286,594,239,455
08327006,Böttingen,1432,962,123,346
08327007,Bubsheim,1430,707,233,491
08327008,Buchheim,731,550,49,130
08327009,Deilingen,1848,1089,156,604
08327010,Denkingen,2928,1400,563,964
08327011,Dürbheim,1719,968,220,528
08327012,Durchhausen,1033,447,200,388
08327013,Egesheim,650,400,82,175
08327016,"Fridingen an der Donau, Stadt",3154,1736,441,979
08327017,Frittlingen,2111,1051,301,755
08327018,"Geisingen, Stadt",6296,3261,1046,1989
08327019,Gosheim,3786,1944,689,1155
08327020,Gunningen,773,383,154,232
08327023,Hausen ob Verena,801,198,353,248
08327025,Immendingen,6364,2752,1024,2587
08327027,Irndorf,694,483,61,149
08327029,Königsheim,595,397,64,131
08327030,Kolbingen,1246,842,125,278
08327033,Mahlstetten,830,539,64,224
08327036,"Mühlheim an der Donau, Stadt",3671,1936,741,994
08327038,Neuhausen ob Eck,3987,1609,1080,1297
08327040,Reichenbach am Heuberg,461,244,77,141
08327041,Renquishausen,760,596,57,107
08327046,"Spaichingen, Stadt",13425,5597,2312,5517
08327048,Talheim,1274,315,607,354
08327049,"Trossingen, Stadt",17085,3538,4764,8783
08327050,"Tuttlingen, Stadt",36665,10551,6994,19123
08327051,Wehingen,3644,1743,553,1345
08327054,Wurmlingen,3908,1836,848,1223
08327055,Seitingen-Oberflacht,2572,1265,471,829
08327056,Rietheim-Weilheim,2873,1119,792,957
08327057,Emmingen-Liptingen,4714,2243,881,1588
08335001,"Aach, Stadt",2285,944,353,984
08335002,Allensbach,7228,2759,1262,3206
08335015,Büsingen am Hochrhein,1384,213,324,847
08335021,Eigeltingen,3835,1842,513,1482
08335022,"Engen, Stadt",11029,5062,1500,4464
08335025,Gaienhofen,3292,1193,616,1484
08335026,Gailingen am Hochrhein,2866,1000,373,1490
08335028,Gottmadingen,10708,4163,1689,4858
08335035,Hilzingen,8981,3980,1292,3706
08335043,"Konstanz, Universitätsstadt",86437,26801,16425,43206
08335055,Moos,3410,1398,520,1498
08335057,Mühlingen,2676,1279,345,1054
08335061,Öhningen,3589,1517,571,1498
08335063,"Radolfzell am Bodensee, Stadt",30742,10916,5088,14740
08335066,Reichenau,5270,2438,709,2125
08335075,"Singen (Hohentwiel), Stadt",46789,16623,6261,23904
08335077,Steißlingen,4957,2393,737,1829
08335079,"Stockach, Stadt",17412,7198,2825,7393
08335080,"Tengen, Stadt",4756,2517,487,1750
08335081,Volkertshausen,3252,1394,457,1402
08335096,Hohenfels,2220,1126,239,847
08335097,Mühlhausen-Ehingen,3945,1805,535,1605
08335098,Bodman-Ludwigshafen,4742,1920,743,2079
08335099,Orsingen-Nenzingen,3470,1810,414,1250
08335100,Rielasingen-Worblingen,12176,5098,1774,5305
08336004,Aitern,500,340,67,95
08336006,Bad Bellingen,4868,1319,1142,2408
08336008,Binzen,2993,512,1056,1421
08336010,Böllen,99,57,23,17
08336014,Efringen-Kirchen,8598,1640,3358,3605
08336019,Eimeldingen,2459,430,794,1236
08336024,Fischingen,769,94,274,408
08336025,Fröhnd,480,350,53,75
08336034,Hasel,1162,235,499,426
08336036,Hausen im Wiesental,2311,662,624,1024
08336043,Inzlingen,2595,790,553,1253
08336045,"Kandern, Stadt",8656,1145,3683,3828
08336050,"Lörrach, Stadt",49541,10669,11887,26985
08336057,Maulburg,4287,861,1283,2139
08336069,"Rheinfelden (Baden), Stadt",34438,10430,6830,17178
08336073,Rümmingen,1937,391,582,969
08336075,Schallbach,839,101,408,330
08336078,Schliengen,5830,1618,1765,2450
08336079,"Schönau im Schwarzwald, Stadt",2409,1060,333,1019
08336080,Schönenberg,336,243,31,68
08336081,"Schopfheim, Stadt",20083,4020,6155,9908
08336082,Schwörstadt,2580,835,590,1155
08336084,Steinen,10422,1795,3533,5094
08336087,"Todtnau, Stadt",4928,2818,526,1582
08336089,Tunau,185,120,20,41
08336090,Utzenfeld,600,371,74,155
08336091,"Weil am Rhein, Stadt",31476,6116,7524,17836
08336094,Wembach,332,178,42,114
08336096,Wieden,540,431,16,89
08336100,Wittlingen,924,124,347,453
08336103,"Zell im Wiesental, Stadt",6206,2435,1205,2565
08336104,Malsburg-Marzell,1471,147,768,552
08336105,Grenzach-Wyhlen,15260,3704,3356,8200
08336106,Häg-Ehrsberg,830,583,108,136
08336107,Kleines Wiesental,3005,351,1560,1094
08337002,Albbruck,7305,3851,1025,2431
08337013,Bernau im Schwarzwald,1846,1166,198,479
08337022,"Bonndorf im Schwarzwald, Stadt",6857,3584,974,2299
08337027,Dachsberg (Südschwarzwald),1365,736,139,492
08337030,Dettighofen,1076,436,136,500
08337032,Dogern,2255,1206,357,687
08337038,Görwihl,4235,2548,406,1283
08337039,Grafenhausen,2257,1405,288,564
08337045,Häusern,1327,613,170,542
08337049,Herrischried,2633,1203,353,1074
08337051,Höchenschwand,2572,1215,399,956
08337053,Hohentengen am Hochrhein,3715,1573,479,1661
08337059,Ibach,317,195,31,93
08337060,Jestetten,5202,1679,806,2720
08337062,Klettgau,7496,3684,951,2859
08337065,Lauchringen,8045,3029,1267,3744
08337066,"Laufenburg (Baden), Stadt",9210,3915,1203,4091
08337070,Lottstetten,2226,755,257,1214
08337076,Murg,6813,3180,825,2810
08337090,Rickenbach,3783,1910,478,1393
08337096,"Bad Säckingen, Stadt",17717,6555,2956,8211
08337097,"St  Blasien, Stadt",3664,1558,567,1538
08337106,"Stühlingen, Stadt",5339,3059,536,1743
08337108,Todtmoos,1918,820,289,810
08337116,"Wehr, Stadt",13036,5042,2387,5611
08337118,Weilheim,3105,1900,351,854
08337123,Wutöschingen,6679,2991,1100,2589
08337124,Eggingen,1752,999,191,560
08337125,Küssaberg,5486,2175,926,2381
08337126,"Waldshut-Tiengen, Stadt",24470,9214,3793,11462
08337127,Wutach,1196,872,68,256
08337128,Ühlingen-Birkendorf,5203,2938,648,1613
08415014,Dettingen an der Erms,9674,1489,4249,3941
08415019,Eningen unter Achalm,11420,1957,3893,5571
08415027,Gomadingen,2085,290,1158,635
08415028,Grabenstetten,1696,180,991,525
08415029,Grafenberg,2695,445,1212,1041
08415034,"Hayingen, Stadt",2151,1318,373,459
08415039,Hülben,3015,253,1763,1000
08415048,Mehrstetten,1443,217,850,375
08415050,"Metzingen, Stadt",22937,4406,8267,10262
08415053,"Münsingen, Stadt",14564,3050,6617,4896
08415058,Pfronstetten,1506,1051,207,251
08415059,"Pfullingen, Stadt",19227,3412,6890,8925
08415060,Pliezhausen,9885,1358,4267,4255
08415061,"Reutlingen, Stadt",116925,22672,35670,58584
08415062,Riederich,4281,892,1643,1747
08415073,"Trochtelfingen, Stadt",6236,2577,2021,1639
08415078,"Bad Urach, Stadt",12726,2424,4509,5795
08415080,Wannweil,5260,903,1981,2376
08415085,Zwiefalten,2308,1395,351,564
08415087,Walddorfhäslach,5362,722,2627,2013
08415088,Römerstein,4037,369,2764,906
08415089,Engstingen,5156,1493,2001,1666
08415090,Hohenstein,3784,1227,1551,1006
08415091,Sonnenbühl,7053,849,4222,1986
08415092,Lichtenstein,9096,1504,3658,3935
08415093,St  Johann,5132,490,3029,1613
08416006,Bodelshausen,5698,1277,1951,2470
08416009,Dettenhausen,5404,942,2170,2295
08416011,Dußlingen,6087,949,2290,2854
08416015,Gomaringen,9054,1287,4093,3675
08416018,Hirrlingen,3129,1795,403,932
08416022,Kirchentellinsfurt,5508,993,2166,2349
08416023,Kusterdingen,8636,1268,3727,3639
08416025,"Mössingen, Stadt",21593,3488,9434,8671
08416026,Nehren,4436,749,1843,1843
08416031,Ofterdingen,5317,913,2163,2239
08416036,"Rottenburg am Neckar, Stadt",44954,18935,8426,17594
08416041,"Tübingen, Universitätsstadt",90499,18035,27871,44595
08416048,Ammerbuch,11329,2283,4282,4767
08416049,Neustetten,3699,871,1583,1243
08416050,Starzach,4299,2196,699,1403
08417002,"Balingen, Stadt",35190,8566,13131,13497
08417008,Bisingen,9543,3958,1954,3627
08417010,Bitz,3815,895,1753,1166
08417013,"Burladingen, Stadt",12056,6989,1694,3372
08417014,Dautmergen,448,240,75,131
08417015,Dormettingen,1086,527,202,354
08417016,Dotternhausen,1845,854,384,610
08417022,"Geislingen, Stadt",5873,3379,1049,1447
08417023,Grosselfingen,2161,1096,405,661
08417025,"Haigerloch, Stadt",10842,5744,1555,3545
08417029,Hausen am Tann,509,251,77,179
08417031,"Hechingen, Stadt",19514,7610,3763,8141
08417036,Jungingen,1361,642,242,476
08417044,"Meßstetten, Stadt",11072,3726,3789,3559
08417045,Nusplingen,1895,1248,181,464
08417047,Obernheim,1516,846,201,470
08417051,Rangendingen,5281,2888,895,1500
08417052,Ratshausen,743,459,90,192
08417054,"Rosenfeld, Stadt",6407,1503,2899,2007
08417057,"Schömberg, Stadt",4647,2302,629,1715
08417063,Straßberg,2465,1189,640,637
08417071,Weilen unter den Rinnen,605,373,55,175
08417075,Winterlingen,6339,2601,1964,1771
08417078,Zimmern unter der Burg,446,307,51,92
08417079,"Albstadt, Stadt",46134,12507,15440,18186
08421000,"Ulm, Universitätsstadt",127116,35835,25361,65922
08425002,Allmendingen,4867,2589,1033,1244
08425004,Altheim,593,390,84,117
08425005,Altheim (Alb),1692,221,975,499
08425008,Amstetten,4128,771,1798,1559
08425011,Asselfingen,1004,174,541,288
08425013,Ballendorf,663,74,468,125
08425014,Beimerstetten,2383,548,889,947
08425017,Berghülen,1956,290,1049,616
08425019,Bernstadt,2258,446,1034,777
08425020,"Blaubeuren, Stadt",12496,2526,4541,5426
08425022,Börslingen,170,19,122,28
08425024,Breitingen,363,56,161,144
08425028,"Dietenheim, Stadt",6781,3116,969,2700
08425031,Dornstadt,8991,3333,2353,3307
08425033,"Ehingen (Donau), Stadt",27241,13769,3747,9726
08425035,Emeringen,157,97,23,32
08425036,Emerkingen,822,569,74,180
08425039,"Erbach, Stadt",13928,6415,2382,5133
08425050,Griesingen,1012,700,102,219
08425052,Grundsheim,217,171,14,32
08425055,Hausen am Bussen,278,164,48,67
08425062,Holzkirch,270,40,170,59
08425064,Hüttisheim,1469,899,159,410
08425066,Illerrieden,3354,1852,431,1071
08425071,"Laichingen, Stadt",11955,2047,5079,4831
08425072,"Langenau, Stadt",15005,3413,5832,5760
08425073,Lauterach,567,353,89,125
08425075,Lonsee,5039,1082,2101,1852
08425079,Merklingen,2010,305,1147,556
08425081,"Munderkingen, Stadt",5403,2670,790,1941
08425083,Neenstetten,835,94,543,201
08425084,Nellingen,1988,283,1185,522
08425085,Nerenstetten,356,47,218,91
08425088,Oberdischingen,2212,1259,233,720
08425090,Obermarchtal,1329,899,121,308
08425091,Oberstadion,1554,1084,151,319
08425092,Öllingen,549,87,294,164
08425093,Öpfingen,2298,1261,316,727
08425097,Rammingen,1274,628,256,387
08425098,Rechtenstein,293,186,45,63
08425104,Rottenacker,2198,756,880,559
08425108,"Schelklingen, Stadt",6644,3049,1063,2528
08425110,Schnürpflingen,1398,831,137,430
08425112,Setzingen,709,105,403,201
08425123,Untermarchtal,881,600,87,195
08425124,Unterstadion,794,564,76,154
08425125,Unterwachingen,192,144,29,18
08425130,Weidenstetten,1366,217,701,450
08425134,Westerheim,3016,1661,664,690
08425135,Westerstetten,2205,907,523,776
08425137,Illerkirchberg,4865,2182,725,1962
08425138,Staig,3266,1720,499,1050
08425139,Heroldstatt,2819,674,1293,847
08425140,Balzheim,2130,587,800,743
08425141,"Blaustein, Stadt",16310,5155,3948,7204
08426001,Achstetten,4940,2582,821,1536
08426005,Alleshausen,537,412,32,96
08426006,Allmannsweiler,328,248,21,61
08426008,Altheim,2104,1358,319,430
08426011,Attenweiler,1902,1070,430,405
08426013,"Bad Buchau, Stadt",4518,2184,660,1673
08426014,"Bad Schussenried, Stadt",8705,4838,1154,2709
08426019,Berkheim,3106,1717,339,1049
08426020,Betzenweiler,755,594,37,125
08426021,"Biberach an der Riß, Stadt",34018,13695,6420,13895
08426028,Burgrieden,4165,2193,618,1354
08426031,Dettingen an der Iller,2632,1644,331,656
08426035,Dürmentingen,2559,1645,313,597
08426036,Dürnau,465,312,36,118
08426038,Eberhardzell,4497,3096,377,1027
08426043,Erlenmoos,1792,1268,165,358
08426044,Erolzheim,3338,1835,431,1072
08426045,Ertingen,5354,3355,781,1218
08426058,Hochdorf,2319,1473,279,567
08426062,Ingoldingen,3079,2123,306,645
08426064,Kanzach,496,331,62,107
08426065,Kirchberg an der Iller,2192,1181,270,740
08426066,Kirchdorf an der Iller,3988,2002,609,1380
08426067,Langenenslingen,3642,2350,436,856
08426070,"Laupheim, Stadt",22638,11018,3420,8200
08426071,Maselheim,4576,2858,419,1298
08426073,Mietingen,4508,2959,458,1093
08426074,Mittelbiberach,4393,2193,752,1449
08426078,Moosburg,226,155,17,51
08426087,"Ochsenhausen, Stadt",9122,5399,1034,2690
08426090,Oggelshausen,933,629,63,242
08426097,"Riedlingen, Stadt",10794,5132,2423,3234
08426100,Rot an der Rot,4600,3244,331,1026
08426108,Schwendi,6774,4191,626,1959
08426109,Seekirch,306,185,46,77
08426113,Steinhausen an der Rottum,2148,1496,164,490
08426117,Tannheim,2491,1360,328,801
08426118,Tiefenbach,533,364,64,104
08426120,Ummendorf,4397,2463,663,1269
08426121,Unlingen,2404,1718,258,432
08426124,Uttenweiler,3694,2591,428,673
08426125,Wain,1650,445,610,595
08426128,Warthausen,5218,2498,992,1726
08426134,Schemmerhofen,8652,5423,990,2240
08426135,Gutenzell-Hürbel,1835,1327,135,376
08435005,Bermatingen,3981,1911,651,1417
08435010,Daisendorf,1517,513,314,690
08435013,Eriskirch,4809,2066,809,1938
08435015,Frickingen,3000,1501,369,1132
08435016,"Friedrichshafen, Stadt",61780,21756,9733,30291
08435018,Hagnau am Bodensee,1433,689,203,542
08435020,Heiligenberg,2858,1341,353,1168
08435024,Immenstaad am Bodensee,6430,2394,1234,2805
08435029,Kressbronn am Bodensee,8726,3863,1330,3533
08435030,Langenargen,7547,3242,1383,2923
08435034,"Markdorf, Stadt",14318,5993,2234,6090
08435035,Meckenbeuren,13742,6821,1948,4979
08435036,"Meersburg, Stadt",5893,2098,1030,2763
08435042,Neukirch,2695,1662,252,784
08435045,Oberteuringen,4941,2355,826,1760
08435047,Owingen,4468,1816,688,1960
08435052,Salem,11996,5222,1730,5043
08435053,Sipplingen,2061,958,257,848
08435054,Stetten,966,404,180,382
08435057,"Tettnang, Stadt",20078,9567,2723,7787
08435059,"Überlingen, Stadt",22572,7770,3923,10881
08435066,Uhldingen-Mühlhofen,8263,2721,1425,4117
08435067,Deggenhausertal,4402,2493,460,1449
08436001,Achberg,1730,919,182,631
08436003,Aichstetten,2845,1747,265,833
08436004,Aitrach,2809,1476,322,1005
08436005,Altshausen,4013,2314,533,1167
08436006,Amtzell,4186,2480,477,1228
08436008,"Aulendorf, Stadt",10294,5161,1971,3164
08436009,"Bad Waldsee, Stadt",20257,11008,2657,6590
08436010,"Bad Wurzach, Stadt",14817,8944,1219,4652
08436011,Baienfurt,7137,3461,997,2681
08436012,Baindt,5264,2755,875,1631
08436013,Berg,4397,2386,664,1347
08436014,Bergatreute,3154,1964,320,874
08436018,Bodnegg,3080,1862,283,930
08436019,Boms,724,439,94,190
08436024,Ebenweiler,1274,749,163,363
08436027,Eichstegen,521,359,29,134
08436032,Fleischwangen,684,463,68,153
08436039,Grünkraut,3089,1628,527,935
08436040,Guggenhausen,179,115,25,37
08436047,Hoßkirch,718,456,84,181
08436049,"Isny im Allgäu, Stadt",14520,6996,2058,5466
08436052,Kißlegg,9158,5586,926,2648
08436053,Königseggwald,688,403,106,180
08436055,"Leutkirch im Allgäu, Stadt",23517,13194,2676,7647
08436064,"Ravensburg, Stadt",49896,21809,8087,20002
08436067,Riedhausen,772,493,75,202
08436069,Schlier,3898,2183,517,1197
08436077,Unterwaldhausen,282,168,34,85
08436078,Vogt,4661,2436,655,1572
08436079,Waldburg,3260,1889,424,947
08436081,"Wangen im Allgäu, Stadt",27553,14203,3196,10154
08436082,"Weingarten, Stadt",24640,10352,4180,10106
08436083,Wilhelmsdorf,4692,1846,1007,1843
08436085,Wolfegg,3804,2247,485,1073
08436087,Wolpertswende,4052,2284,547,1220
08436093,Ebersbach-Musbach,1692,1126,205,358
08436094,Argenbühl,6640,4341,575,1724
08436095,Horgenzell,5652,3270,630,1754
08436096,Fronreute,4872,2908,580,1387
08437005,Beuron,673,377,86,212
08437008,Bingen,2714,1624,321,774
08437031,"Gammertingen, Stadt",6212,3014,1177,2022
08437044,Herbertingen,4783,3029,515,1239
08437047,"Hettingen, Stadt",1787,1304,175,305
08437053,Hohentengen,4215,2960,326,933
08437056,Illmensee,2025,1141,278,605
08437059,Inzigkofen,2918,1703,394,822
08437065,Krauchenwies,4985,3102,588,1294
08437072,Leibertingen,2192,1602,162,428
08437076,"Mengen, Stadt",10014,5824,1269,2923
08437078,"Meßkirch, Stadt",8558,4632,1260,2671
08437082,Neufra,1839,1086,324,430
08437086,Ostrach,6952,3996,1065,1893
08437088,"Pfullendorf, Stadt",13233,6114,2054,5063
08437100,"Bad Saulgau, Stadt",17975,9390,2354,6231
08437101,"Scheer, Stadt",2464,1418,320,730
08437102,Schwenningen,1655,1128,195,331
08437104,"Sigmaringen, Stadt",17141,7207,3010,6923
08437105,Sigmaringendorf,3733,1916,545,1275
08437107,Stetten am kalten Markt,4720,2945,788,988
08437114,"Veringenstadt, Stadt",2148,1188,282,675
08437118,Wald,2639,1678,258,705
08437123,Sauldorf,2581,1666,224,692
08437124,Herdwangen-Schönach,3359,1545,546,1268
