ags,name,population,german,foreign,immigration_history_total,immigrated,descendants,one_parent,without_immigration_history
08111000,"Stuttgart, Landeshauptstadt",610458,453571,156891,217457,191120,26338,15895,377103
08115001,Aidlingen,9151,7934,1220,1942,1757,185,229,6981
08115002,Altdorf,4547,4113,435,772,690,81,109,3667
08115003,"Böblingen, Stadt",50705,38201,12505,20925,17992,2936,1709,28071
08115004,Bondorf,6197,5340,856,1250,1110,139,175,4775
08115010,Deckenpfronn,3269,2951,319,585,527,57,60,2624
08115013,Ehningen,9124,7653,1466,2221,1963,257,290,6617
08115015,Gärtringen,12903,10771,2132,3307,2916,390,348,9250
08115016,Gäufelden,8982,7705,1275,1916,1696,219,225,6842
08115021,"Herrenberg, Stadt",33344,28020,5321,7983,7030,951,935,24426
08115022,Hildrizhausen,3493,2996,498,750,663,86,82,2657
08115024,"Holzgerlingen, Stadt",13822,11766,2059,3513,2989,524,476,9835
08115028,"Leonberg, Stadt",48337,38045,10289,13873,12063,1812,1315,33150
08115029,Magstadt,9580,7318,2264,3069,2699,373,307,6205
08115034,Mötzingen,3711,3144,567,835,711,122,91,2788
08115037,Nufringen,5753,5030,717,1126,1007,120,151,4476
08115041,"Renningen, Stadt",18443,15497,2945,4276,3732,546,470,13698
08115042,"Rutesheim, Stadt",10936,9430,1506,2148,1907,240,270,8518
08115044,Schönaich,10339,8485,1854,2654,2321,331,266,7421
08115045,"Sindelfingen, Stadt",60545,44808,15734,24975,21432,3541,2053,33520
08115046,Steinenbronn,6433,4955,1479,1882,1666,213,183,4374
08115048,"Waldenbuch, Stadt",8630,7221,1409,1906,1704,203,206,6519
08115050,"Weil der Stadt, Stadt",19411,16369,3045,4625,4043,582,465,14322
08115051,Weil im Schönbuch,9720,8273,1447,2084,1830,259,253,7384
08115052,Weissach,7624,6636,988,1351,1210,140,141,6132
08115053,Jettingen,7981,6906,1074,1736,1486,247,254,5994
08115054,Grafenau,6670,5798,871,1582,1384,196,152,4936
08116004,Altbach,6052,4753,1298,1778,1545,232,215,4064
08116005,Altdorf,1684,1590,94,185,160,22,41,1460
08116006,Altenriet,1955,1782,171,270,247,21,25,1660
08116007,Baltmannsweiler,5516,4983,533,848,768,80,96,4572
08116008,Bempflingen,3351,2947,405,645,559,88,83,2627
08116011,Beuren,3612,3199,411,646,598,46,60,2907
08116012,Bissingen an der Teck,3372,3004,368,556,495,64,53,2764
08116014,Deizisau,6673,5613,1060,1403,1278,122,149,5124
08116015,Denkendorf,11001,9036,1966,2835,2447,386,268,7901
08116016,Dettingen unter Teck,6064,5211,851,1299,1143,153,134,4629
08116018,Erkenbrechtsweiler,2035,1866,169,279,245,30,44,1711
08116019,"Esslingen am Neckar, Stadt",94442,71599,22845,30864,26875,3986,2707,60869
08116020,Frickenhausen,9202,7711,1490,2252,1966,291,286,6667
08116022,Großbettlingen,4248,3800,446,872,770,105,105,3271
08116027,Hochdorf,4647,4208,439,750,690,60,83,3812
08116029,Holzmaden,2276,2000,278,396,349,49,30,1847
08116033,"Kirchheim unter Teck, Stadt",41676,33753,7921,12388,10848,1539,1019,28268
08116035,Köngen,9560,8209,1351,1885,1671,211,222,7455
08116036,Kohlberg,2344,2147,195,335,295,42,56,1950
08116037,Lichtenwald,2559,2318,241,355,311,45,47,2160
08116041,Neckartailfingen,3769,3279,490,642,577,66,60,3066
08116042,Neckartenzlingen,6107,4833,1274,1741,1560,184,168,4196
08116043,Neidlingen,1759,1557,204,267,234,31,32,1460
08116046,"Neuffen, Stadt",6024,5283,743,1201,1081,118,102,4720
08116047,Neuhausen auf den Fildern,12067,10539,1528,2386,2092,293,321,9364
08116048,Notzingen,3572,3325,246,463,421,42,60,3055
08116049,"Nürtingen, Stadt",40212,32819,7393,12612,10990,1620,1116,26485
08116050,Oberboihingen,5486,4672,813,1177,1063,115,141,4163
08116053,Ohmden,1729,1585,146,249,221,27,45,1435
08116054,"Owen, Stadt",3337,2926,411,582,521,57,50,2704
08116056,"Plochingen, Stadt",14178,10916,3263,4824,4159,668,439,8913
08116058,Reichenbach an der Fils,7873,6522,1352,2123,1871,252,195,5558
08116063,Schlaitdorf,1865,1713,151,254,217,36,39,1571
08116068,Unterensingen,4908,4243,664,1002,875,123,119,3788
08116070,"Weilheim an der Teck, Stadt",9779,8050,1729,2150,1932,221,208,7416
08116071,"Wendlingen am Neckar, Stadt",15800,12975,2827,4324,3771,556,428,11050
08116072,"Wernau (Neckar), Stadt",11995,9949,2042,2976,2603,374,297,8721
08116073,Wolfschlugen,6164,5516,648,1056,928,125,147,4963
08116076,Aichwald,7252,6513,737,1180,1080,101,122,5950
08116077,"Filderstadt, Stadt",45821,37113,8707,11655,10172,1483,1081,33085
08116078,"Leinfelden-Echterdingen, Stadt",40774,33151,7624,10758,9396,1366,1099,28915
08116079,Lenningen,8063,6685,1378,1867,1649,216,162,6036
08116080,"Ostfildern, Stadt",39555,32636,6919,12146,10370,1774,1149,26264
08116081,"Aichtal, Stadt",9537,8551,985,1556,1342,211,207,7775
08117001,Adelberg,1972,1843,129,232,215,19,35,1707
08117002,Aichelberg,1315,1209,102,190,165,23,20,1107
08117003,Albershausen,4397,3899,499,923,808,119,109,3362
08117006,Bad Ditzenbach,3726,3383,341,526,472,56,98,3100
08117007,Bad Überkingen,3839,3469,369,554,522,36,46,3232
08117009,Birenbach,1889,1711,181,361,310,48,46,1484
08117010,Böhmenkirch,5537,4847,690,886,788,94,88,4565
08117011,Börtlingen,1683,1584,99,203,191,15,36,1445
08117012,Bad Boll,5189,4615,572,970,882,88,114,4107
08117014,Deggingen,5131,4671,458,803,700,102,83,4243
08117015,"Donzdorf, Stadt",10531,9373,1157,1703,1510,197,195,8636
08117016,Drackenstein,459,419,40,63,61,3,4,391
08117017,Dürnau,2169,1994,169,391,334,58,30,1748
08117018,"Ebersbach an der Fils, Stadt",15231,12541,2688,3833,3327,502,416,10981
08117019,"Eislingen/Fils, Stadt",21972,16750,5224,8414,7189,1223,635,12926
08117020,Eschenbach,2137,1979,159,339,309,27,37,1761
08117023,Gammelshausen,1464,1310,154,354,291,59,29,1080
08117024,"Geislingen an der Steige, Stadt",26869,18966,7905,10209,8841,1366,788,15875
08117025,Gingen an der Fils,4408,3835,573,865,763,104,105,3437
08117026,"Göppingen, Stadt",57809,44664,13146,21626,18688,2941,1633,34552
08117028,Gruibingen,2225,1863,361,520,486,37,46,1659
08117029,Hattenhofen,2943,2688,252,477,434,42,39,2430
08117030,Heiningen,4968,4367,600,1015,899,113,115,3844
08117031,Hohenstadt,863,699,163,198,196,4,6,661
08117033,Kuchen,5537,4688,852,1321,1167,152,104,4112
08117035,Mühlhausen im Täle,1088,927,159,240,210,33,14,835
08117037,Ottenbach,2410,2230,175,283,260,20,45,2084
08117038,Rechberghausen,5413,4941,474,1069,931,139,130,4214
08117042,Salach,7976,6480,1499,2236,1970,267,227,5514
08117043,Schlat,1668,1566,101,200,184,19,25,1442
08117044,Schlierbach,3834,3397,439,698,607,92,91,3043
08117049,"Süßen, Stadt",10048,8291,1758,2818,2446,373,256,6973
08117051,"Uhingen, Stadt",14248,12010,2241,3948,3375,573,473,9827
08117053,Wäschenbeuren,3912,3682,231,496,432,61,57,3363
08117055,Wangen,3138,2882,255,448,425,24,55,2635
08117058,"Wiesensteig, Stadt",1976,1617,361,481,436,47,31,1463
08117060,Zell unter Aichelberg,3110,2865,243,420,381,41,50,2640
08117061,"Lauterstein, Stadt",2505,2255,250,371,325,47,61,2072
08118001,Affalterbach,4304,3838,466,655,574,83,116,3531
08118003,"Asperg, Stadt",13141,10679,2463,3457,2996,459,381,9300
08118006,Benningen am Neckar,6212,5333,879,1308,1121,184,169,4736
08118007,"Besigheim, Stadt",12138,10263,1874,2896,2548,352,301,8942
08118010,"Bönnigheim, Stadt",7919,6488,1430,1861,1613,250,193,5866
08118011,"Ditzingen, Stadt",22659,18091,4569,6037,5261,779,542,16075
08118012,Eberdingen,6698,5656,1044,1496,1276,219,187,5015
08118014,Erdmannhausen,5193,4512,681,931,831,99,114,4144
08118015,Erligheim,2839,2522,314,539,464,72,60,2241
08118016,Freudental,2392,2112,280,439,381,59,49,1903
08118018,Gemmrigheim,4407,3558,850,1087,934,152,149,3169
08118019,"Gerlingen, Stadt",18657,15675,2981,4450,3946,501,451,13754
08118021,"Großbottwar, Stadt",7855,6767,1087,1440,1271,171,202,6215
08118027,Hemmingen,7809,6497,1313,2008,1747,260,253,5548
08118028,Hessigheim,2482,2127,353,420,372,45,62,2001
08118040,Kirchheim am Neckar,5828,4335,1492,1942,1627,316,187,3701
08118046,"Kornwestheim, Stadt",33536,25529,8007,11472,9862,1607,1115,20948
08118047,Löchgau,5632,4806,820,1198,1040,161,146,4290
08118048,"Ludwigsburg, Stadt",91810,71408,20402,30691,26526,4170,2618,58496
08118049,"Marbach am Neckar, Stadt",15429,12703,2724,3855,3356,497,425,11148
08118050,"Markgröningen, Stadt",14043,11118,2923,3538,3153,388,342,10165
08118051,Möglingen,10618,8486,2132,3386,2843,540,276,6957
08118053,Mundelsheim,3457,3006,454,629,556,69,94,2733
08118054,Murr,6498,5566,932,1354,1184,172,153,4989
08118059,"Oberriexingen, Stadt",3265,2935,330,580,498,86,75,2607
08118060,Oberstenfeld,7534,6386,1148,1381,1230,151,181,5971
08118063,Pleidelsheim,6058,4845,1208,1530,1344,189,158,4369
08118067,Schwieberdingen,11141,9018,2124,3092,2671,418,338,7713
08118068,Sersheim,5359,4517,843,1161,1025,133,143,4053
08118070,"Steinheim an der Murr, Stadt",11986,10349,1634,2266,1986,278,286,9437
08118071,"Tamm, Stadt",12168,10371,1799,3046,2651,392,317,8805
08118073,"Vaihingen an der Enz, Stadt",28576,23893,4684,6641,5704,935,746,21186
08118074,Walheim,3219,2738,482,777,670,108,46,2398
08118076,"Sachsenheim, Stadt",18303,15249,3055,4903,4324,581,528,12872
08118077,Ingersheim,6239,5259,975,1391,1191,197,167,4685
08118078,"Freiberg am Neckar, Stadt",15434,13167,2268,3346,2943,406,438,11650
08118079,"Bietigheim-Bissingen, Stadt",43328,34306,9022,15544,13472,2070,1191,26594
08118080,"Korntal-Münchingen, Stadt",18386,14681,3705,5049,4390,657,535,12806
08118081,"Remseck am Neckar, Stadt",26024,21948,4077,6806,5668,1137,827,18396
08119001,Alfdorf,7292,6766,526,1011,896,112,120,6164
08119003,Allmersbach im Tal,5065,4517,548,972,853,122,106,3988
08119004,Althütte,4290,3940,351,587,527,63,69,3636
08119006,Auenwald,6804,6273,531,1037,910,124,119,5647
08119008,"Backnang, Stadt",38202,29872,8333,12931,10975,1953,1026,24251
08119018,Burgstetten,3749,3335,414,643,566,76,77,3026
08119020,"Fellbach, Stadt",46147,35712,10435,14055,12105,1950,1218,30872
08119024,Großerlach,2616,2366,250,399,386,15,30,2185
08119037,Kaisersbach,2461,2320,138,243,224,21,40,2177
08119038,Kirchberg an der Murr,4004,3465,539,745,670,75,72,3187
08119041,Korb,11262,9487,1776,2409,2093,315,279,8575
08119042,Leutenbach,12121,10340,1781,2680,2286,396,263,9182
08119044,"Murrhardt, Stadt",14360,11859,2500,3547,3135,411,335,10484
08119053,Oppenweiler,4440,3826,612,997,865,129,84,3357
08119055,Plüderhausen,9687,8088,1600,2456,2184,273,220,7010
08119061,Rudersberg,11704,10230,1471,2442,2109,330,200,9061
08119067,"Schorndorf, Stadt",40548,33955,6593,11227,9874,1352,960,28363
08119068,Schwaikheim,9693,8071,1626,2184,1905,277,245,7264
08119069,Spiegelberg,2186,2025,161,295,264,29,42,1847
08119075,Sulzbach an der Murr,5279,4454,823,1143,1017,127,84,4052
08119076,Urbach,8951,7876,1074,1682,1479,200,185,7088
08119079,"Waiblingen, Stadt",57280,44875,12405,18059,15504,2558,1714,37507
08119083,Weissach im Tal,7436,6701,738,1364,1200,166,123,5954
08119084,"Welzheim, Stadt",11120,9481,1639,2691,2313,374,265,8161
08119085,"Winnenden, Stadt",29297,23719,5579,8445,7216,1231,709,20141
08119086,Winterbach,7661,6791,872,1468,1313,153,154,6040
08119087,Aspach,8380,7272,1105,1640,1463,176,140,6601
08119089,Berglen,6708,6236,469,774,683,90,109,5825
08119090,Remshalden,14349,12589,1760,2719,2414,303,293,11335
08119091,"Weinstadt, Stadt",26807,22934,3874,5420,4732,686,555,20831
08119093,Kernen im Remstal,15761,13498,2261,3275,2863,408,324,12162
08121000,"Heilbronn, Universitätsstadt",128303,93050,35255,55884,47141,8746,3372,69046
08125001,Abstatt,4896,4268,624,998,850,151,118,3779
08125005,"Bad Friedrichshall, Stadt",19746,15612,4134,7471,6313,1158,452,11822
08125006,"Bad Rappenau, Stadt",22333,19065,3262,6643,5700,944,485,15203
08125007,"Bad Wimpfen, Stadt",7311,6126,1186,1910,1694,217,163,5236
08125008,"Beilstein, Stadt",6201,5405,796,1106,970,133,142,4951
08125013,"Brackenheim, Stadt",16475,14088,2387,3797,3263,536,342,12336
08125017,Cleebronn,3125,2607,519,727,625,105,102,2294
08125021,Eberstadt,3105,2758,347,669,571,94,58,2373
08125024,Ellhofen,3929,3424,508,980,809,176,106,2837
08125026,"Eppingen, Stadt",22424,18937,3486,6410,5414,996,439,15578
08125027,Erlenbach,5151,4498,654,1030,897,130,149,3971
08125030,Flein,7276,6551,722,1487,1257,229,179,5605
08125034,Gemmingen,5466,4704,760,1289,1132,158,118,4059
08125038,"Güglingen, Stadt",6380,4820,1560,2061,1785,277,175,4144
08125039,"Gundelsheim, Stadt",7589,6487,1105,1779,1563,213,168,5645
08125046,Ilsfeld,9669,8091,1579,2135,1873,261,200,7334
08125047,Ittlingen,2619,2223,396,613,512,99,70,1938
08125048,Jagsthausen,1731,1171,560,655,610,45,22,1055
08125049,Kirchardt,5878,4878,1002,1973,1588,384,183,3722
08125056,"Lauffen am Neckar, Stadt",11985,9833,2150,3031,2649,381,312,8642
08125057,Lehrensteinsfeld,2656,2474,181,458,382,76,85,2113
08125058,"Leingarten, Stadt",11717,10127,1591,2873,2500,376,293,8550
08125059,"Löwenstein, Stadt",3388,3013,379,589,516,74,53,2747
08125061,Massenbachhausen,3668,3114,547,1033,865,172,84,2548
08125063,"Möckmühl, Stadt",8261,6535,1727,3544,3025,517,177,4543
08125065,"Neckarsulm, Stadt",26221,20336,5886,9947,8456,1488,799,15475
08125066,Neckarwestheim,4103,3519,584,867,768,97,89,3147
08125068,"Neudenau, Stadt",5338,4577,763,1190,1052,139,128,4019
08125069,"Neuenstadt am Kocher, Stadt",10157,8917,1244,2632,2205,424,252,7274
08125074,Nordheim,8457,7454,1004,2019,1736,283,213,6231
08125078,Oedheim,6534,5630,907,1612,1423,187,184,4739
08125079,Offenau,2909,2383,529,845,720,123,90,1974
08125081,Pfaffenhofen,2443,2019,425,568,475,91,61,1810
08125084,Roigheim,1444,1132,311,433,387,52,35,969
08125086,"Schwaigern, Stadt",11493,9838,1653,2588,2280,307,278,8627
08125087,Siegelsbach,1667,1418,250,438,377,63,34,1194
08125094,Talheim,4972,4498,474,932,832,98,133,3905
08125096,Untereisesheim,4241,3670,568,1209,1010,195,137,2904
08125098,Untergruppenbach,8540,7640,900,1588,1352,238,228,6723
08125102,"Weinsberg, Stadt",12708,10546,2162,3862,3312,548,379,8468
08125103,"Widdern, Stadt",1804,1449,355,594,518,73,28,1184
08125107,Wüstenrot,6779,6173,606,1036,938,95,101,5643
08125108,Zaberfeld,4179,3662,517,771,683,86,104,3303
08125110,Obersulm,13845,12227,1618,3072,2598,470,356,10415
08125111,Hardthausen am Kocher,4227,3703,523,907,767,142,107,3215
08125113,Langenbrettach,3918,3520,401,711,605,110,67,3140
08126011,Bretzfeld,12498,11341,1158,2523,2111,415,194,9781
08126020,Dörzbach,2516,2254,265,598,505,89,39,1882
08126028,"Forchtenberg, Stadt",5271,4622,649,1126,959,164,119,4028
08126039,"Ingelfingen, Stadt",5430,4835,593,978,839,145,82,4364
08126045,"Krautheim, Stadt",4662,4020,643,1233,1094,141,63,3363
08126046,"Künzelsau, Stadt",15733,12932,2802,6166,5145,1016,243,9323
08126047,Kupferzell,6421,5604,816,1518,1274,247,112,4789
08126056,Mulfingen,3621,3395,228,477,419,61,45,3099
08126058,"Neuenstein, Stadt",6644,5948,695,1317,1146,169,165,5163
08126060,"Niedernhall, Stadt",4143,3543,599,1099,932,164,65,2986
08126066,"Öhringen, Stadt",25320,21477,3842,9645,8224,1423,567,15108
08126069,Pfedelbach,9427,8619,809,1992,1690,302,190,7245
08126072,Schöntal,5568,5115,454,741,677,66,60,4767
08126085,"Waldenburg, Stadt",2970,2572,398,610,555,53,53,2309
08126086,Weißbach,2018,1643,374,661,589,74,75,1277
08126094,Zweiflingen,1785,1660,123,273,252,21,32,1481
08127008,Blaufelden,5323,4688,638,1243,1051,193,85,3995
08127009,Braunsbach,2444,2261,183,291,274,22,56,2100
08127012,Bühlertann,3066,2884,182,630,503,124,36,2403
08127013,Bühlerzell,2050,1955,93,171,165,7,7,1868
08127014,"Crailsheim, Stadt",34395,27805,6592,14102,12096,2007,792,19501
08127023,Fichtenberg,2824,2588,233,416,363,51,56,2351
08127025,"Gaildorf, Stadt",12071,9829,2242,3814,3314,501,380,7874
08127032,"Gerabronn, Stadt",4463,3747,715,1207,1081,129,59,3197
08127043,"Ilshofen, Stadt",6909,6116,798,1745,1451,292,133,5031
08127046,"Kirchberg an der Jagst, Stadt",4198,3689,508,1044,910,137,72,3082
08127047,"Langenburg, Stadt",1845,1612,234,328,307,22,22,1493
08127052,Mainhardt,5963,5411,556,1049,915,131,87,4827
08127056,Michelbach an der Bilz,3374,3136,240,566,488,81,63,2744
08127059,Michelfeld,3750,3420,330,544,489,56,82,3124
08127062,Oberrot,3451,3017,431,631,545,88,82,2738
08127063,Obersontheim,5340,4761,579,1297,1070,226,102,3942
08127071,Rot am See,5434,4930,505,1070,913,162,74,4293
08127073,Satteldorf,5564,5133,431,1137,954,188,132,4290
08127075,"Schrozberg, Stadt",5719,4883,834,1615,1413,198,85,4018
08127076,"Schwäbisch Hall, Stadt",41247,34770,6474,12271,10487,1782,828,28147
08127079,Sulzbach-Laufen,2528,2353,175,417,354,62,37,2076
08127086,Untermünkheim,3018,2731,287,477,425,53,48,2493
08127089,"Vellberg, Stadt",4596,4168,427,808,692,113,76,3709
08127091,Wallhausen,3679,3278,403,949,805,141,71,2660
08127099,Wolpertshausen,2292,2016,275,504,423,78,35,1755
08127100,Rosengarten,5238,4701,534,906,815,88,115,4216
08127101,Kreßberg,3971,3606,365,728,628,99,96,3147
08127102,Fichtenau,4619,4180,439,636,567,67,61,3922
08127103,Frankenhardt,4892,4637,254,748,644,105,110,4029
08127104,Stimpfach,3033,2711,321,654,573,81,57,2320
08128006,Assamstadt,2237,2106,130,331,270,59,25,1888
08128007,"Bad Mergentheim, Stadt",23971,20213,3758,7642,6581,1066,394,15934
08128014,"Boxberg, Stadt",6659,6163,496,1066,944,124,99,5492
08128020,"Creglingen, Stadt",4504,4208,297,452,411,42,54,3997
08128039,"Freudenberg, Stadt",3697,3275,423,706,585,118,66,2923
08128045,Großrinderfeld,4048,3880,167,325,291,33,46,3679
08128047,"Grünsfeld, Stadt",3639,3389,248,481,427,55,26,3132
08128058,Igersheim,5452,5004,449,1150,972,175,74,4229
08128061,Königheim,3003,2836,168,272,235,35,21,2708
08128064,"Külsheim, Stadt",5218,4747,471,953,829,121,66,4204
08128082,"Niederstetten, Stadt",4857,4503,355,800,690,105,45,4011
08128115,"Tauberbischofsheim, Stadt",13201,11562,1638,3225,2800,424,210,9767
08128126,"Weikersheim, Stadt",7560,7065,496,1286,1137,148,107,6164
08128128,Werbach,3203,3026,178,364,319,43,47,2791
08128131,"Wertheim, Stadt",22799,19715,3084,7377,6325,1052,372,15055
08128137,Wittighausen,1687,1577,110,175,153,22,27,1483
08128138,Ahorn,2202,2120,83,184,162,20,23,1998
08128139,"Lauda-Königshofen, Stadt",14278,12565,1716,3238,2762,473,226,10814
08135010,Dischingen,4332,4047,286,501,440,63,30,3800
08135015,Gerstetten,11621,10350,1270,2253,1979,272,170,9200
08135016,"Giengen an der Brenz, Stadt",19433,15551,3881,7013,5995,1022,439,11984
08135019,"Heidenheim an der Brenz, Stadt",49964,38174,11789,19546,16953,2590,1241,29175
08135020,"Herbrechtingen, Stadt",13192,11428,1767,3390,3000,387,331,9471
08135021,Hermaringen,2281,2112,170,305,270,33,35,1940
08135025,Königsbronn,7032,6259,775,1438,1269,167,105,5488
08135026,Nattheim,6363,5912,448,953,839,116,96,5312
08135027,"Niederstotzingen, Stadt",4742,4259,483,784,689,93,99,3856
08135031,Sontheim an der Brenz,5744,5044,700,1010,889,117,133,4599
08135032,Steinheim am Albuch,8722,7850,872,1669,1497,173,175,6872
08136002,Abtsgmünd,7351,6931,419,934,837,96,102,6316
08136003,Adelmannsfelden,1701,1609,92,240,214,23,11,1448
08136007,Bartholomä,2090,1970,123,213,191,18,31,1848
08136009,Böbingen an der Rems,4640,4308,334,822,752,71,108,3715
08136010,"Bopfingen, Stadt",11670,10296,1373,3060,2539,518,263,8348
08136015,Durlangen,2755,2573,184,448,397,52,49,2258
08136018,Ellenberg,1754,1635,120,218,190,26,19,1520
08136019,"Ellwangen (Jagst), Stadt",24614,21433,3181,6149,5295,856,324,18142
08136020,Eschach,1832,1751,82,224,197,29,38,1569
08136021,Essingen,6386,6055,329,786,700,88,67,5533
08136024,Göggingen,2484,2343,141,417,371,48,52,2017
08136027,Gschwend,4641,4347,292,494,442,50,74,4073
08136028,"Heubach, Stadt",10026,8396,1630,3142,2696,448,249,6637
08136029,Heuchlingen,1853,1765,92,272,221,53,25,1551
08136033,Hüttlingen,5983,5664,317,732,645,84,105,5152
08136034,Iggingen,2497,2370,126,316,280,35,59,2125
08136035,Jagstzell,2306,2171,132,297,254,46,38,1970
08136037,Kirchheim am Ries,1784,1604,180,310,292,20,11,1460
08136038,"Lauchheim, Stadt",4712,4312,398,771,685,87,51,3892
08136040,Leinzell,2039,1794,244,503,433,70,54,1486
08136042,"Lorch, Stadt",10784,9349,1436,2164,1929,233,282,8339
08136043,Mögglingen,4288,3934,353,833,714,121,97,3359
08136044,Mutlangen,6852,6163,689,1442,1222,217,209,5201
08136045,"Neresheim, Stadt",7967,7240,728,1248,1092,153,84,6636
08136046,Neuler,3206,3110,92,203,181,21,22,2979
08136049,Obergröningen,435,420,17,40,41,3,3,393
08136050,"Oberkochen, Stadt",7793,6542,1246,2265,1986,277,164,5366
08136060,Rosenberg,2623,2447,179,354,307,45,33,2235
08136061,Ruppertshofen,1833,1739,93,399,339,63,54,1372
08136062,Schechingen,2218,2099,119,387,344,46,33,1796
08136065,"Schwäbisch Gmünd, Stadt",63449,51813,11637,20462,17668,2792,1759,41229
08136066,Spraitbach,3418,3160,259,773,713,61,63,2581
08136068,Stödtlen,1797,1698,97,183,169,16,22,1591
08136070,Täferrot,1035,959,77,130,116,18,23,883
08136071,Tannhausen,1801,1677,123,212,183,26,13,1576
08136075,Unterschneidheim,4806,4605,202,539,465,75,49,4218
08136079,Waldstetten,7056,6632,423,773,684,89,111,6174
08136082,Westhausen,6098,5723,370,790,680,109,75,5236
08136084,Wört,1472,1333,137,374,315,61,17,1079
08136087,Riesbürg,2217,2009,206,360,326,38,24,1831
08136088,"Aalen, Stadt",67139,58104,9038,15717,13607,2114,1538,49881
08136089,Rainau,3292,3133,158,368,321,50,32,2891
08211000,"Baden-Baden, Stadt",55887,43552,12341,19346,16920,2429,1067,35470
08212000,"Karlsruhe, Stadt",305408,249203,56204,91572,81163,10412,6872,206967
08215007,"Bretten, Stadt",29871,23342,6528,9063,8017,1043,706,20102
08215009,"Bruchsal, Stadt",46780,37727,9048,14470,12390,2078,1072,31239
08215017,"Ettlingen, Stadt",38461,33325,5136,8462,7527,937,948,29055
08215021,Forst,8029,7029,1000,1682,1467,218,197,6146
08215025,Gondelsheim,4103,3481,624,1095,920,172,96,2914
08215029,Hambrücken,5571,5044,528,914,808,109,113,4542
08215039,Kronau,5960,5382,576,880,772,111,143,4938
08215040,Kürnbach,2346,2025,319,436,387,47,54,1856
08215046,Malsch,14884,12777,2108,3149,2783,362,311,11427
08215047,Marxzell,5047,4683,363,683,609,77,86,4273
08215059,Oberderdingen,11358,9310,2047,2811,2415,394,349,8202
08215064,"Östringen, Stadt",13258,11364,1894,2928,2546,380,249,10082
08215066,"Philippsburg, Stadt",13558,10570,2988,4631,3949,680,491,8437
08215082,Sulzfeld,4951,4171,780,1204,1048,153,106,3639
08215084,Ubstadt-Weiher,13154,11843,1309,2334,2067,270,215,10606
08215089,Walzbachtal,9900,8731,1169,1811,1573,235,218,7875
08215090,Weingarten (Baden),10428,9144,1282,2061,1787,276,224,8144
08215094,Zaisenhausen,1832,1600,230,298,257,40,34,1501
08215096,Karlsbad,16181,14321,1859,2786,2487,300,332,13067
08215097,"Kraichtal, Stadt",14731,12813,1919,2800,2452,350,241,11689
08215099,Graben-Neudorf,12146,10636,1505,2895,2498,401,278,8972
08215100,Bad Schönborn,13129,10901,2228,3624,3146,477,335,9169
08215101,Pfinztal,18286,15477,2808,3938,3453,486,339,14009
08215102,Eggenstein-Leopoldshafen,16823,14622,2200,4101,3496,602,352,12371
08215103,Karlsdorf-Neuthard,10691,9159,1532,2520,2170,352,258,7915
08215105,Linkenheim-Hochstetten,12265,10636,1630,2917,2509,407,268,9080
08215106,"Waghäusel, Stadt",21993,19236,2757,4975,4203,771,512,16505
08215107,Oberhausen-Rheinhausen,9505,8533,971,1581,1391,193,177,7744
08215108,"Rheinstetten, Stadt",20820,18656,2160,4242,3637,608,434,16144
08215109,"Stutensee, Stadt",24980,21134,3845,6521,5619,901,610,17849
08215110,Waldbronn,13324,11541,1783,2548,2271,281,238,10534
08215111,Dettenheim,6749,6144,601,1047,921,124,112,5589
08216002,Au am Rhein,3377,3190,186,336,282,53,63,2977
08216005,Bietigheim,6373,5714,656,1188,1012,174,141,5046
08216006,Bischweier,3009,2736,270,489,436,52,56,2460
08216007,"Bühl, Stadt",28782,24878,3905,6824,5795,1030,562,21399
08216008,Bühlertal,7788,6678,1113,1395,1233,165,117,6276
08216009,Durmersheim,11947,10251,1699,2737,2378,360,259,8951
08216012,Elchesheim-Illingen,3239,2996,243,441,390,48,74,2728
08216013,Forbach,4497,3849,651,823,724,95,77,3597
08216015,"Gaggenau, Stadt",29553,24323,5228,7428,6408,1021,774,21352
08216017,"Gernsbach, Stadt",14167,11930,2232,3349,2947,404,287,10529
08216022,Hügelsheim,5052,4102,949,2326,1882,441,128,2600
08216023,Iffezheim,5175,4690,483,829,695,137,141,4202
08216024,"Kuppenheim, Stadt",8219,7151,1064,1840,1602,241,205,6172
08216028,"Lichtenau, Stadt",4940,4330,606,967,841,127,100,3873
08216029,Loffenau,2520,2260,260,358,326,35,37,2127
08216033,Muggensturm,6100,5400,700,1094,960,133,122,4882
08216039,Ötigheim,4905,4439,467,945,803,144,128,3830
08216041,Ottersweier,6356,5720,635,1003,857,147,93,5255
08216043,"Rastatt, Stadt",50546,38497,12048,23794,20506,3286,1265,25484
08216049,Sinzheim,11380,10125,1255,2260,1904,355,245,8876
08216052,Steinmauern,3120,2846,276,660,565,93,66,2395
08216059,Weisenbach,2434,2121,315,399,349,46,60,1975
08216063,Rheinmünster,6592,5988,601,1149,1002,148,116,5327
08221000,"Heidelberg, Stadt",153809,122544,31267,47752,43148,4602,3783,102278
08222000,"Mannheim, Universitätsstadt",313693,231522,82171,111962,98872,13090,8155,193579
08225001,"Adelsheim, Stadt",5058,4217,840,1771,1507,261,79,3209
08225002,Aglasterhausen,4836,4355,484,956,832,121,77,3802
08225009,Billigheim,5975,5337,639,1070,920,147,94,4810
08225010,Binau,1369,1246,126,225,203,21,23,1121
08225014,"Buchen (Odenwald), Stadt",18021,16327,1692,5094,4228,862,348,12581
08225024,Fahrenbach,2698,2526,171,332,314,21,29,2337
08225032,Hardheim,6765,5936,829,1711,1517,191,90,4962
08225033,Haßmersheim,4956,4308,647,1241,1075,167,148,3566
08225039,Höpfingen,3039,2818,221,498,400,98,33,2510
08225042,Hüffenhardt,2034,1884,149,310,271,38,29,1696
08225052,Limbach,4407,4053,351,615,533,79,63,3727
08225058,"Mosbach, Stadt",24413,20282,4128,6939,6100,835,506,16971
08225060,Mudau,4863,4563,303,603,535,70,49,4210
08225064,Neckargerach,2278,2051,228,371,327,44,58,1850
08225067,Neckarzimmern,1434,1217,218,353,310,44,41,1040
08225068,Neunkirchen,1855,1693,165,259,234,24,34,1567
08225074,Obrigheim,5395,4656,741,1242,1074,168,156,3997
08225075,"Osterburken, Stadt",6525,5793,737,2308,1884,426,107,4111
08225082,Rosenberg,2062,1904,159,342,301,39,27,1694
08225091,Seckach,3983,3662,321,994,820,177,88,2903
08225109,"Walldürn, Stadt",11557,10352,1209,2965,2515,453,207,8380
08225113,Zwingenberg,658,630,27,86,81,7,11,563
08225114,"Ravenstein, Stadt",2992,2711,280,479,426,49,27,2487
08225115,Schefflenz,3846,3626,220,486,429,55,44,3314
08225116,Schwarzach,2924,2689,235,422,351,71,59,2440
08225117,Elztal,5836,5230,606,1010,911,101,63,4766
08225118,Waldbrunn,4691,4360,327,589,524,68,46,4060
08226003,Altlußheim,6247,5502,746,1234,1059,172,120,4891
08226006,Bammental,6504,5779,721,1304,1137,170,138,5060
08226009,Brühl,14279,12767,1512,2798,2438,360,326,11155
08226010,Dielheim,9151,8225,930,1525,1321,202,148,7478
08226012,Dossenheim,12641,10970,1669,2461,2238,225,313,9864
08226013,"Eberbach, Stadt",14607,12371,2235,3853,3336,515,304,10450
08226017,Epfenbach,2400,2218,182,324,277,43,38,2040
08226018,"Eppelheim, Stadt",15590,12297,3293,4839,4182,659,345,10404
08226020,Eschelbronn,2694,2298,396,619,537,83,56,2020
08226022,Gaiberg,2335,2109,229,383,343,41,56,1896
08226027,Heddesbach,487,437,54,86,72,16,9,393
08226028,Heddesheim,12127,10682,1448,2308,1990,320,262,9554
08226029,Heiligkreuzsteinach,2646,2343,302,499,458,43,39,2109
08226031,"Hemsbach, Stadt",11986,10489,1497,2354,2058,298,276,9356
08226032,"Hockenheim, Stadt",21634,17934,3699,5785,4904,884,476,15375
08226036,Ilvesheim,9253,8295,959,1596,1411,191,274,7377
08226037,Ketsch,13120,11944,1176,2207,1870,334,243,10668
08226038,"Ladenburg, Stadt",12371,10955,1418,2167,1933,236,305,9896
08226040,Laudenbach,6484,5969,515,928,827,99,173,5385
08226041,"Leimen, Stadt",26852,21901,4949,11074,9381,1691,710,15069
08226046,Malsch,3409,3169,243,440,387,55,67,2903
08226048,Mauer,4142,3831,311,638,566,72,91,3414
08226049,Meckesheim,5303,4699,604,909,800,108,102,4293
08226054,Mühlhausen,8702,7729,971,1527,1342,189,191,6983
08226055,"Neckarbischofsheim, Stadt",4128,3508,621,951,810,141,79,3096
08226056,"Neckargemünd, Stadt",13201,11772,1429,2559,2265,295,264,10379
08226058,Neidenstein,1790,1663,126,282,251,29,32,1479
08226059,Neulußheim,7143,6133,1012,1542,1326,220,207,5389
08226060,Nußloch,11321,10012,1309,2480,2152,332,307,8535
08226062,Oftersheim,12241,10746,1496,2639,2255,384,281,9321
08226063,Plankstadt,10374,9173,1198,1997,1702,294,240,8136
08226065,"Rauenberg, Stadt",8724,7794,930,1615,1383,233,232,6879
08226066,Reichartshausen,2123,1908,217,335,290,44,32,1757
08226068,Reilingen,8179,7101,1080,1757,1566,195,191,6226
08226076,Sandhausen,15350,13514,1838,3383,2930,456,369,11602
08226080,"Schönau, Stadt",4412,3856,558,952,793,156,90,3370
08226081,Schönbrunn,2888,2699,190,395,340,53,29,2464
08226082,"Schriesheim, Stadt",14994,13463,1529,2444,2167,278,323,12226
08226084,"Schwetzingen, Stadt",21732,17766,3967,6243,5444,802,525,14961
08226085,"Sinsheim, Stadt",36517,30793,5724,10520,8830,1692,771,25223
08226086,Spechbach,1689,1557,133,272,241,30,29,1388
08226091,"Waibstadt, Stadt",5764,4805,954,1319,1173,146,123,4323
08226095,"Walldorf, Stadt",15987,12952,3033,4747,4129,617,426,10815
08226096,"Weinheim, Stadt",45823,38737,7082,10515,9177,1340,1113,34193
08226097,Wiesenbach,3184,2852,333,553,498,52,57,2572
08226098,"Wiesloch, Stadt",27095,22569,4528,7448,6414,1036,702,18946
08226099,Wilhelmsfeld,3211,2886,325,562,499,63,74,2575
08226101,Zuzenhausen,2267,2033,234,432,379,55,45,1790
08226102,Angelbachtal,5183,4670,514,900,786,117,126,4156
08226103,St. Leon-Rot,13996,12437,1555,2498,2142,357,328,11166
08226104,Lobbach,2394,2184,213,380,333,45,60,1955
08226105,Edingen-Neckarhausen,14365,12264,2101,2963,2575,384,526,10878
08226106,Helmstadt-Bargen,3840,3470,366,644,558,82,74,3124
08226107,Hirschberg an der Bergstraße,9642,8764,874,1510,1351,156,214,7921
08231000,"Pforzheim, Stadt",133110,94936,38173,62474,52354,10122,3333,67302
08235006,"Altensteig, Stadt",10846,8786,2059,3144,2723,419,239,7459
08235007,Althengstett,7732,6886,842,1302,1159,140,205,6227
08235008,"Bad Liebenzell, Stadt",9195,7643,1552,2222,2030,189,235,6739
08235018,Dobel,2318,1981,339,557,512,44,39,1721
08235020,Ebhausen,4782,4014,766,1224,1061,163,106,3454
08235022,Egenhausen,1992,1868,121,305,261,45,35,1653
08235025,Enzklösterle,1304,1044,258,310,289,20,12,983
08235029,Gechingen,3605,3226,382,576,507,66,73,2953
08235032,"Haiterbach, Stadt",5959,4689,1270,1680,1462,216,125,4157
08235033,"Bad Herrenalb, Stadt",7558,6151,1405,2157,1940,215,149,5251
08235035,Höfen an der Enz,1622,1370,254,447,371,75,33,1144
08235046,"Nagold, Stadt",23221,19116,4104,7689,6621,1070,644,14885
08235047,"Neubulach, Stadt",5730,5210,521,1182,982,196,135,4413
08235050,Neuweiler,3120,2931,190,343,313,27,58,2719
08235055,Oberreichenbach,2908,2771,137,335,282,54,35,2537
08235057,Ostelsheim,2475,2141,336,459,411,49,56,1960
08235060,Rohrdorf,1936,1599,336,633,528,108,37,1262
08235065,Schömberg,7730,6532,1197,1943,1734,211,241,5546
08235066,Simmersfeld,2220,2044,177,300,266,36,37,1885
08235067,Simmozheim,2809,2514,295,476,414,64,72,2260
08235073,Unterreichenbach,2370,1985,385,605,525,83,82,1681
08235079,"Bad Wildbad, Stadt",10350,8330,2019,3144,2727,422,179,7020
08235080,"Wildberg, Stadt",9998,8827,1178,1937,1719,217,258,7803
08235084,"Bad Teinach-Zavelstein, Stadt",3103,2760,346,589,526,58,44,2474
08235085,"Calw, Stadt",24538,19153,5382,7055,6240,815,722,16761
08236004,Birkenfeld,10178,8756,1423,2071,1799,274,248,7858
08236011,Eisingen,4590,4092,500,1183,969,217,113,3293
08236013,Engelsbrand,4416,4018,398,773,686,86,112,3533
08236019,Friolzheim,3966,3314,647,891,755,138,105,2970
08236025,"Heimsheim, Stadt",5420,4409,1012,1265,1138,128,126,4030
08236028,Illingen,7661,6453,1205,1826,1594,234,187,5648
08236030,Ispringen,5810,4995,814,1388,1208,177,121,4304
08236031,Kieselbronn,2943,2663,282,509,442,68,49,2384
08236033,"Knittlingen, Stadt",7962,6761,1201,1852,1601,248,196,5915
08236038,"Maulbronn, Stadt",6387,5308,1083,1460,1301,162,133,4792
08236039,Mönsheim,2929,2480,453,588,511,81,67,2272
08236040,"Mühlacker, Stadt",26420,20454,5966,8055,6920,1136,794,17573
08236043,"Neuenbürg, Stadt",8134,6471,1661,2322,2005,319,173,5638
08236044,Neuhausen,5143,4738,406,723,654,67,88,4333
08236046,Niefern-Öschelbronn,12352,10332,2022,3551,2981,569,461,8339
08236050,Ötisheim,4586,4052,532,811,712,101,91,3683
08236061,Sternenfels,2810,2478,331,444,394,48,38,2330
08236062,Tiefenbronn,5290,4823,465,743,676,63,120,4427
08236065,Wiernsheim,6721,6078,644,1073,903,167,175,5472
08236067,Wimsheim,2787,2441,346,469,413,57,90,2228
08236068,Wurmberg,3218,2939,277,738,549,186,165,2315
08236070,Keltern,8736,8095,642,1089,975,112,162,7489
08236071,Remchingen,11832,10592,1240,2263,1950,315,253,9313
08236072,Straubenhardt,11279,10165,1116,1767,1522,243,266,9245
08236073,Neulingen,6571,6009,565,1142,1020,120,142,5286
08236074,Kämpfelbach,6221,5581,641,1032,906,125,127,5066
08236075,Ölbronn-Dürrn,3444,3139,309,649,565,85,108,2689
08236076,Königsbach-Stein,10093,9210,884,1639,1460,179,200,8252
08237002,"Alpirsbach, Stadt",6180,5535,646,1126,967,157,92,4964
08237004,Baiersbronn,15269,12992,2274,3251,2912,339,206,11814
08237019,"Dornstetten, Stadt",8119,7249,870,2133,1781,355,197,5786
08237024,Empfingen,4173,3696,479,916,765,153,69,3186
08237027,Eutingen im Gäu,6024,5332,691,1004,905,103,123,4901
08237028,"Freudenstadt, Stadt",24034,19859,4176,7836,6642,1193,467,15732
08237030,Glatten,2521,2282,240,477,388,93,40,2002
08237032,Grömbach,629,570,57,99,86,16,14,513
08237040,"Horb am Neckar, Stadt",25424,21753,3670,6364,5493,870,557,18504
08237045,Loßburg,7684,7100,581,1394,1205,192,133,6159
08237054,Pfalzgrafenweiler,7203,6155,1051,2039,1681,357,167,4993
08237061,Schopfloch,2584,2443,138,333,264,72,49,2201
08237072,Wörnersberg,213,208,5,33,27,3,,176
08237073,Seewald,2134,1952,181,291,253,38,35,1811
08237074,Waldachtal,6163,5303,860,1368,1207,163,101,4693
08237075,Bad Rippoldsau-Schapbach,2047,1907,138,182,163,15,14,1851
08311000,"Freiburg im Breisgau, Stadt",233040,192927,40115,63908,55682,8227,5678,163454
08315003,Au,1496,1396,98,211,196,17,29,1254
08315004,Auggen,2843,2492,353,588,512,81,64,2186
08315006,"Bad Krozingen, Stadt",22044,17696,4346,7003,6162,842,434,14608
08315007,Badenweiler,4604,3679,926,1317,1201,114,67,3219
08315008,Ballrechten-Dottingen,2412,2197,218,327,288,35,48,2041
08315013,Bötzingen,5448,4712,735,1175,992,186,117,4159
08315014,Bollschweil,2285,2075,207,346,316,33,46,1892
08315015,"Breisach am Rhein, Stadt",15886,13374,2512,4477,3759,716,337,11074
08315016,Breitnau,1858,1678,179,228,212,16,16,1612
08315020,Buchenbach,3189,2912,279,421,374,43,49,2723
08315022,Buggingen,4406,3996,411,664,575,91,93,3649
08315028,Ebringen,2812,2606,206,341,307,31,36,2445
08315030,Eichstetten am Kaiserstuhl,3689,3214,472,646,551,98,99,2947
08315031,Eisenbach (Hochschwarzwald),2150,1890,262,388,344,45,29,1733
08315033,Eschbach,2456,2144,313,521,437,81,55,1880
08315037,Feldberg (Schwarzwald),1903,1425,477,598,578,15,40,1270
08315039,Friedenweiler,2009,1835,176,316,280,35,25,1668
08315041,Glottertal,3253,2856,403,511,457,55,39,2703
08315043,Gottenheim,2955,2533,416,550,507,42,68,2339
08315047,Gundelfingen,12030,10502,1529,2416,2152,266,293,9318
08315048,Hartheim am Rhein,5047,4302,747,1077,959,124,95,3875
08315050,"Heitersheim, Stadt",6441,5461,981,1375,1201,171,189,4884
08315051,Heuweiler,1132,1047,82,131,109,18,13,988
08315052,Hinterzarten,2497,2057,435,559,533,24,45,1893
08315056,Horben,1201,1111,91,172,158,12,32,998
08315059,Ihringen,6212,5633,577,896,784,109,97,5220
08315064,Kirchzarten,9978,9323,652,1251,1155,93,212,8513
08315068,Lenzkirch,5098,4340,757,1180,1043,139,78,3837
08315070,"Löffingen, Stadt",7675,6810,872,1674,1435,238,95,5908
08315072,Merdingen,2584,2421,164,264,255,13,41,2279
08315073,Merzhausen,5215,4745,471,875,798,74,101,4243
08315074,"Müllheim, Stadt",19638,16678,2957,5365,4564,801,515,13757
08315076,"Neuenburg am Rhein, Stadt",12636,10763,1868,3428,2850,578,310,8900
08315084,Oberried,2849,2539,311,418,382,36,34,2398
08315089,Pfaffenweiler,2631,2466,167,333,301,35,37,2263
08315094,St. Märgen,1958,1784,174,241,222,16,29,1689
08315095,St. Peter,2672,2427,245,371,335,35,50,2250
08315098,Schallstadt,6396,5645,753,1207,1039,164,143,5046
08315102,Schluchsee,2562,2074,489,636,599,38,27,1898
08315107,Sölden,1284,1182,101,161,148,10,29,1095
08315108,"Staufen im Breisgau, Stadt",8322,7456,864,1376,1240,135,196,6751
08315109,Stegen,4332,4045,287,592,527,68,84,3658
08315111,"Sulzburg, Stadt",2725,2434,293,436,388,47,53,2235
08315113,"Titisee-Neustadt, Stadt",12761,10318,2445,3881,3292,591,233,8647
08315115,Umkirch,5662,4704,958,2007,1699,306,134,3521
08315125,Wittnau,1480,1351,129,209,201,12,53,1220
08315130,Münstertal/Schwarzwald,5098,4425,673,841,768,70,66,4194
08315131,Ehrenkirchen,7665,6962,705,1104,971,136,114,6445
08315132,March,9223,8245,974,1697,1424,276,208,7317
08315133,"Vogtsburg im Kaiserstuhl, Stadt",6235,5501,735,964,862,101,94,5178
08316002,Bahlingen am Kaiserstuhl,4373,3968,402,601,531,72,74,3698
08316003,Biederbach,1722,1648,73,131,114,20,5,1584
08316009,Denzlingen,13579,11866,1717,3030,2571,457,300,10249
08316010,"Elzach, Stadt",7368,6659,709,938,854,86,55,6373
08316011,"Emmendingen, Stadt",29137,24857,4275,7827,6473,1350,659,20649
08316012,"Endingen am Kaiserstuhl, Stadt",10022,8965,1056,2080,1786,294,216,7725
08316013,Forchheim,1407,1267,140,219,188,30,23,1166
08316014,Gutach im Breisgau,4579,4114,466,676,597,78,88,3814
08316017,"Herbolzheim, Stadt",10813,9300,1513,2782,2321,462,175,7859
08316020,"Kenzingen, Stadt",10513,9135,1376,2524,2079,445,203,7784
08316024,Malterdingen,3265,2894,371,578,510,66,70,2624
08316036,Reute,2835,2681,153,252,232,21,45,2538
08316037,Riegel am Kaiserstuhl,3979,3424,558,832,711,119,95,3054
08316038,Sasbach am Kaiserstuhl,3414,3153,266,429,384,44,47,2935
08316039,Sexau,3432,3130,301,524,454,68,75,2830
08316042,Simonswald,2943,2684,259,340,305,36,25,2577
08316043,Teningen,11796,10489,1306,1956,1693,265,211,9627
08316045,Vörstetten,3153,2897,257,442,381,61,83,2630
08316049,Weisweil,2157,1968,188,337,287,46,33,1790
08316051,Wyhl am Kaiserstuhl,3978,3529,450,689,610,77,73,3220
08316053,Rheinhausen,4115,3600,515,747,660,89,92,3277
08316054,Freiamt,4199,3975,226,326,307,18,49,3827
08316055,Winden im Elztal,2828,2621,211,343,287,56,53,2432
08316056,"Waldkirch, Stadt",21243,18091,3152,4535,3966,567,432,16277
08317001,"Achern, Stadt",25696,22501,3195,5588,4750,841,527,19578
08317005,Appenweier,10274,9362,909,1979,1670,306,178,8121
08317008,Bad Peterstal-Griesbach,2594,2193,401,548,463,82,24,2024
08317009,Berghaupten,2460,2252,208,293,257,32,30,2134
08317011,Biberach,3716,3491,225,401,361,41,85,3232
08317021,Durbach,4048,3757,292,475,412,64,74,3504
08317026,"Ettenheim, Stadt",13424,12066,1358,2623,2187,435,246,10556
08317029,Fischerbach,1706,1577,129,191,166,24,25,1490
08317031,Friesenheim,13509,11862,1647,3321,2736,586,284,9904
08317034,"Gengenbach, Stadt",11056,9649,1405,1989,1791,197,166,8901
08317039,Gutach (Schwarzwaldbahn),2282,2104,177,309,273,35,41,1934
08317040,"Haslach im Kinzigtal, Stadt",7156,6409,747,1253,1081,170,114,5786
08317041,"Hausach, Stadt",5807,5024,783,1333,1151,180,103,4373
08317046,Hofstetten,1786,1691,95,123,108,13,18,1642
08317047,Hohberg,8128,7439,684,1187,987,199,118,6822
08317051,"Hornberg, Stadt",4160,3356,805,1070,909,160,80,3012
08317056,Kappelrodeck,6190,5613,579,814,715,95,73,5302
08317057,"Kehl, Stadt",38556,29290,9261,14830,12753,2079,894,22832
08317059,Kippenheim,5485,4720,766,1484,1214,274,133,3868
08317065,"Lahr/Schwarzwald, Stadt",49103,39256,9847,22451,18314,4134,1038,25615
08317067,Lautenbach,1935,1798,137,208,191,20,23,1703
08317068,Lauf,4015,3771,244,403,356,45,55,3559
08317073,"Mahlberg, Stadt",5191,4512,679,1422,1168,249,115,3653
08317075,Meißenheim,4135,3716,419,678,583,93,65,3389
08317078,Mühlenbach,1666,1566,100,157,135,26,8,1501
08317085,Nordrach,1823,1643,181,247,221,28,27,1549
08317088,Oberharmersbach,2426,2269,154,223,209,15,22,2181
08317089,"Oberkirch, Stadt",19628,17551,2076,3787,3226,563,357,15486
08317093,Oberwolfach,2551,2438,112,182,153,26,21,2351
08317096,"Offenburg, Stadt",62220,52852,9368,19552,16638,2915,1423,41247
08317097,Ohlsbach,3296,3039,259,393,359,36,64,2835
08317098,"Oppenau, Stadt",4890,4219,670,958,806,149,56,3875
08317100,Ortenberg,3424,3179,247,467,428,37,81,2878
08317102,Ottenhöfen im Schwarzwald,3162,2752,409,587,519,70,43,2530
08317110,"Renchen, Stadt",7473,6701,773,1399,1195,204,141,5932
08317113,Ringsheim,2467,2156,308,453,402,54,55,1960
08317114,Rust,4523,3355,1172,1593,1436,155,100,2832
08317116,Sasbach,5286,4767,520,1026,886,137,73,4189
08317118,Sasbachwalden,2605,2268,337,461,440,19,24,2120
08317121,Schuttertal,3192,3035,157,226,196,32,16,2949
08317122,Schutterwald,7200,6644,558,1176,993,185,138,5886
08317126,Seebach,1441,1260,183,211,200,15,18,1209
08317127,Seelbach,4850,4417,434,813,693,118,52,3987
08317129,Steinach,3934,3688,246,351,312,39,30,3551
08317141,Willstätt,9837,8709,1125,2203,1894,312,201,7431
08317145,"Wolfach, Stadt",5607,5063,544,875,776,102,78,4652
08317146,"Zell am Harmersbach, Stadt",8106,7334,774,1496,1316,179,116,6496
08317150,Schwanau,6925,6316,607,1192,1022,172,125,5608
08317151,Neuried,9826,8935,892,1696,1474,224,192,7938
08317152,Kappel-Grafenhausen,5236,4571,663,1023,910,114,85,4128
08317153,"Rheinau, Stadt",11236,10186,1051,1818,1609,207,184,9236
08325001,Aichhalden,4171,3958,212,433,384,47,44,3695
08325009,Bösingen,3372,3166,204,438,373,63,51,2881
08325011,Dietingen,4146,3864,283,644,492,155,80,3420
08325012,"Dornhan, Stadt",6163,5725,439,870,760,111,104,5189
08325014,Dunningen,6369,5911,457,917,784,131,106,5341
08325015,Epfendorf,3172,2877,294,557,449,109,42,2569
08325024,Hardt,2458,2348,110,214,189,25,24,2216
08325036,Lauterbach,2753,2347,405,472,423,53,38,2243
08325045,"Oberndorf am Neckar, Stadt",14522,11926,2596,4324,3630,695,260,9937
08325049,"Rottweil, Stadt",24668,20606,4063,8032,6812,1221,477,16162
08325050,Schenkenzell,1852,1659,187,231,216,18,21,1599
08325051,"Schiltach, Stadt",3641,3284,359,605,542,64,68,2968
08325053,"Schramberg, Stadt",20446,16913,3536,5520,4723,793,372,14554
08325057,"Sulz am Neckar, Stadt",12671,10672,1997,3116,2654,463,235,9322
08325060,Villingendorf,3349,3026,323,721,589,133,80,2547
08325061,Vöhringen,4307,3852,451,751,617,132,103,3452
08325064,Wellendingen,3252,2801,454,920,739,184,77,2256
08325069,Zimmern ob Rottweil,6332,5735,599,1514,1256,256,109,4709
08325070,Fluorn-Winzeln,3072,2841,233,384,315,72,39,2648
08325071,Eschbronn,2083,1949,128,249,235,16,37,1797
08325072,Deißlingen,6134,5420,709,1453,1226,227,180,4499
08326003,"Bad Dürrheim, Stadt",12982,11198,1785,3157,2747,411,198,9627
08326005,"Blumberg, Stadt",9925,8432,1495,2206,1915,293,223,7492
08326006,"Bräunlingen, Stadt",5698,5078,617,860,766,97,120,4716
08326010,Dauchingen,3765,3353,412,838,702,134,81,2846
08326012,"Donaueschingen, Stadt",21883,18576,3305,5887,5060,824,476,15523
08326017,"Furtwangen im Schwarzwald, Stadt",8374,7019,1354,1680,1543,139,147,6548
08326020,Gütenbach,1069,967,101,141,127,12,12,912
08326027,"Hüfingen, Stadt",7872,6880,994,1585,1368,218,153,6134
08326031,Königsfeld im Schwarzwald,5818,5385,436,801,726,75,106,4912
08326037,Mönchweiler,2803,2561,242,517,449,71,39,2244
08326041,Niedereschach,5839,5297,547,1079,926,154,122,4640
08326052,"St. Georgen im Schwarzwald, Stadt",12265,10162,2104,3091,2697,395,229,8943
08326054,Schönwald im Schwarzwald,2483,2250,233,389,353,36,25,2070
08326055,Schonach im Schwarzwald,3854,3436,421,591,533,61,45,3219
08326060,"Triberg im Schwarzwald, Stadt",4412,3483,927,1210,1056,158,111,3087
08326061,Tuningen,2968,2605,362,715,595,120,83,2171
08326065,Unterkirnach,2511,2047,466,785,661,120,62,1664
08326068,"Vöhrenbach, Stadt",3621,3093,526,619,564,52,76,2926
08326074,"Villingen-Schwenningen, Stadt",87478,68255,19222,33734,28788,4948,2050,51697
08326075,Brigachtal,4976,4657,320,714,613,103,123,4141
08327002,Aldingen,7660,6400,1260,3065,2596,468,220,4377
08327004,Bärenthal,489,435,52,67,62,7,6,417
08327005,Balgheim,1286,1159,125,296,238,61,37,950
08327006,Böttingen,1432,1284,148,239,212,30,23,1163
08327007,Bubsheim,1430,971,463,874,729,145,19,539
08327008,Buchheim,731,703,23,44,39,9,9,676
08327009,Deilingen,1848,1512,333,468,401,70,34,1345
08327010,Denkingen,2928,2613,312,782,612,168,79,2067
08327011,Dürbheim,1719,1526,190,345,282,65,26,1345
08327012,Durchhausen,1033,936,97,251,202,54,41,744
08327013,Egesheim,650,505,141,265,218,49,14,369
08327016,"Fridingen an der Donau, Stadt",3154,2732,421,579,534,48,62,2510
08327017,Frittlingen,2111,1797,318,589,499,87,61,1463
08327018,"Geisingen, Stadt",6296,5525,773,1432,1243,186,129,4735
08327019,Gosheim,3786,3158,628,1460,1195,262,73,2250
08327020,Gunningen,773,697,74,187,159,25,13,576
08327023,Hausen ob Verena,801,736,67,125,115,11,32,647
08327025,Immendingen,6364,5400,965,1724,1387,341,145,4493
08327027,Irndorf,694,662,34,52,44,6,,642
08327029,Königsheim,595,528,66,147,124,26,10,438
08327030,Kolbingen,1246,1153,95,176,147,30,6,1061
08327033,Mahlstetten,830,760,70,113,102,10,11,703
08327036,"Mühlheim an der Donau, Stadt",3671,3363,307,649,570,76,52,2972
08327038,Neuhausen ob Eck,3987,3603,382,903,748,158,98,2984
08327040,Reichenbach am Heuberg,461,386,70,136,116,17,17,311
08327041,Renquishausen,760,727,32,70,57,11,,689
08327046,"Spaichingen, Stadt",13425,10956,2469,5389,4603,783,411,7628
08327048,Talheim,1274,1178,97,222,193,27,21,1033
08327049,"Trossingen, Stadt",17085,13188,3899,7852,6360,1489,499,8738
08327050,"Tuttlingen, Stadt",36665,26756,9911,14600,12406,2195,1109,20955
08327051,Wehingen,3644,2811,834,1428,1234,192,103,2117
08327054,Wurmlingen,3908,3520,387,701,590,110,81,3125
08327055,Seitingen-Oberflacht,2572,2249,325,575,484,92,64,1932
08327056,Rietheim-Weilheim,2873,2518,358,663,547,118,77,2133
08327057,Emmingen-Liptingen,4714,4271,441,842,752,91,102,3771
08335001,"Aach, Stadt",2285,2046,239,425,366,56,72,1791
08335002,Allensbach,7228,6342,886,1342,1207,133,133,5755
08335015,Büsingen am Hochrhein,1384,913,471,787,739,46,19,577
08335021,Eigeltingen,3835,3473,366,574,506,66,72,3191
08335022,"Engen, Stadt",11029,9492,1538,2217,1940,279,219,8592
08335025,Gaienhofen,3292,2931,359,642,594,51,51,2600
08335026,Gailingen am Hochrhein,2866,2423,441,824,720,101,77,1966
08335028,Gottmadingen,10708,9146,1561,2701,2283,415,204,7808
08335035,Hilzingen,8981,8065,916,1634,1437,193,217,7128
08335043,"Konstanz, Universitätsstadt",86437,72412,14022,22268,19863,2400,1753,62419
08335055,Moos,3410,3107,305,501,457,49,59,2848
08335057,Mühlingen,2676,2379,297,506,420,88,49,2120
08335061,Öhningen,3589,3266,321,526,496,28,51,3013
08335063,"Radolfzell am Bodensee, Stadt",30742,26566,4176,6719,5861,861,610,23411
08335066,Reichenau,5270,4411,859,1168,1097,74,71,4029
08335075,"Singen (Hohentwiel), Stadt",46789,34390,12400,20473,17308,3166,1182,25129
08335077,Steißlingen,4957,4562,390,681,600,86,92,4183
08335079,"Stockach, Stadt",17412,14811,2597,4644,3978,668,346,12423
08335080,"Tengen, Stadt",4756,4267,490,807,704,105,92,3856
08335081,Volkertshausen,3252,2897,352,569,501,70,84,2599
08335096,Hohenfels,2220,2036,185,339,303,33,29,1851
08335097,Mühlhausen-Ehingen,3945,3562,384,758,653,105,78,3109
08335098,Bodman-Ludwigshafen,4742,4182,561,857,798,58,87,3801
08335099,Orsingen-Nenzingen,3470,3174,297,450,405,49,72,2944
08335100,Rielasingen-Worblingen,12176,10428,1751,2911,2541,367,306,8961
08336004,Aitern,500,475,24,44,40,,6,453
08336006,Bad Bellingen,4868,3933,934,1439,1273,170,73,3351
08336008,Binzen,2993,2681,310,690,617,74,99,2204
08336010,Böllen,99,97,3,7,7,,3,92
08336014,Efringen-Kirchen,8598,7764,835,1535,1437,95,182,6884
08336019,Eimeldingen,2459,2189,267,572,511,63,66,1823
08336024,Fischingen,769,654,113,201,194,11,15,550
08336025,Fröhnd,480,470,13,28,22,3,,451
08336034,Hasel,1162,1076,86,158,131,29,18,989
08336036,Hausen im Wiesental,2311,1981,326,460,408,50,48,1805
08336043,Inzlingen,2595,2292,303,590,553,36,57,1951
08336045,"Kandern, Stadt",8656,7316,1342,1972,1788,187,172,6507
08336050,"Lörrach, Stadt",49541,40317,9228,16788,14526,2258,1408,31347
08336057,Maulburg,4287,3685,606,993,865,131,123,3172
08336069,"Rheinfelden (Baden), Stadt",34438,28038,6399,10852,9312,1543,855,22729
08336073,Rümmingen,1937,1752,186,419,364,53,75,1445
08336075,Schallbach,839,737,103,171,160,15,16,651
08336078,Schliengen,5830,5248,581,899,798,99,127,4805
08336079,"Schönau im Schwarzwald, Stadt",2409,1957,452,621,528,96,53,1733
08336080,Schönenberg,336,336,,9,9,,3,325
08336081,"Schopfheim, Stadt",20083,17455,2631,4790,4132,656,494,14801
08336082,Schwörstadt,2580,2198,380,600,527,72,54,1930
08336084,Steinen,10422,9240,1180,2038,1805,230,269,8117
08336087,"Todtnau, Stadt",4928,4172,756,938,854,83,70,3921
08336089,Tunau,185,175,10,21,21,,4,162
08336090,Utzenfeld,600,555,44,100,91,6,14,486
08336091,"Weil am Rhein, Stadt",31476,24786,6694,12187,10312,1873,824,18460
08336094,Wembach,332,282,49,70,62,3,4,261
08336096,Wieden,540,518,22,38,38,,4,496
08336100,Wittlingen,924,847,79,169,155,18,16,743
08336103,"Zell im Wiesental, Stadt",6206,4868,1338,1723,1482,240,155,4327
08336104,Malsburg-Marzell,1471,1338,132,221,210,12,24,1224
08336105,Grenzach-Wyhlen,15260,12573,2687,5072,4407,662,383,9803
08336106,Häg-Ehrsberg,830,793,36,59,53,4,5,766
08336107,Kleines Wiesental,3005,2831,177,258,249,12,40,2701
08337002,Albbruck,7305,6581,722,1669,1461,207,162,5473
08337013,Bernau im Schwarzwald,1846,1518,325,374,357,14,17,1455
08337022,"Bonndorf im Schwarzwald, Stadt",6857,5759,1100,1797,1567,230,109,4951
08337027,Dachsberg (Südschwarzwald),1365,1212,151,239,236,6,25,1099
08337030,Dettighofen,1076,907,171,343,325,15,12,718
08337032,Dogern,2255,2043,214,481,407,70,28,1749
08337038,Görwihl,4235,3923,313,622,566,59,32,3579
08337039,Grafenhausen,2257,1854,404,546,486,57,28,1689
08337045,Häusern,1327,1050,277,397,368,30,24,909
08337049,Herrischried,2633,2309,327,513,493,22,39,2079
08337051,Höchenschwand,2572,2004,568,726,682,40,37,1812
08337053,Hohentengen am Hochrhein,3715,3066,646,1161,1090,72,60,2493
08337059,Ibach,317,280,37,54,54,3,,262
08337060,Jestetten,5202,4156,1046,2505,2206,297,114,2584
08337062,Klettgau,7496,6445,1050,1919,1729,193,191,5381
08337065,Lauchringen,8045,6591,1453,2505,2200,303,247,5294
08337066,"Laufenburg (Baden), Stadt",9210,7477,1735,2885,2550,333,279,6049
08337070,Lottstetten,2226,1641,588,1013,911,100,63,1154
08337076,Murg,6813,5635,1178,1649,1503,147,148,5018
08337090,Rickenbach,3783,3444,339,606,567,40,56,3120
08337096,"Bad Säckingen, Stadt",17717,14200,3517,5911,5192,723,425,11379
08337097,"St. Blasien, Stadt",3664,2673,989,1408,1299,113,73,2182
08337106,"Stühlingen, Stadt",5339,4572,770,1191,1053,137,83,4062
08337108,Todtmoos,1918,1531,387,523,481,44,36,1359
08337116,"Wehr, Stadt",13036,11009,2025,3004,2628,377,304,9724
08337118,Weilheim,3105,2930,169,428,397,29,39,2640
08337123,Wutöschingen,6679,5809,870,1843,1576,271,152,4677
08337124,Eggingen,1752,1549,204,341,308,35,38,1371
08337125,Küssaberg,5486,4785,701,1378,1286,90,116,3994
08337126,"Waldshut-Tiengen, Stadt",24470,19199,5271,9124,7758,1367,505,14842
08337127,Wutach,1196,1108,89,144,133,12,19,1033
08337128,Ühlingen-Birkendorf,5203,4495,709,1155,1053,105,88,3956
08415014,Dettingen an der Erms,9674,8038,1635,2211,1939,276,241,7220
08415019,Eningen unter Achalm,11420,9351,2069,2947,2555,392,275,8200
08415027,Gomadingen,2085,1985,100,181,172,10,30,1874
08415028,Grabenstetten,1696,1533,168,220,197,21,36,1442
08415029,Grafenberg,2695,2414,283,422,377,42,47,2228
08415034,"Hayingen, Stadt",2151,1977,177,228,200,32,12,1910
08415039,Hülben,3015,2703,311,443,387,55,55,2517
08415048,Mehrstetten,1443,1333,112,213,176,35,23,1207
08415050,"Metzingen, Stadt",22937,18403,4534,7357,6369,986,624,14958
08415053,"Münsingen, Stadt",14564,12899,1664,4078,3347,730,275,10211
08415058,Pfronstetten,1506,1418,85,123,105,16,8,1376
08415059,"Pfullingen, Stadt",19227,15752,3479,5156,4389,770,520,13551
08415060,Pliezhausen,9885,8967,919,1435,1250,184,195,8261
08415061,"Reutlingen, Stadt",116925,93805,23121,37450,32520,4929,3137,76338
08415062,Riederich,4281,3621,657,1100,970,131,101,3082
08415073,"Trochtelfingen, Stadt",6236,5603,633,1050,925,125,93,5095
08415078,"Bad Urach, Stadt",12726,9837,2887,3874,3344,532,319,8535
08415080,Wannweil,5260,4639,620,1020,913,108,139,4100
08415085,Zwiefalten,2308,2042,267,377,344,36,16,1913
08415087,Walddorfhäslach,5362,5010,350,606,539,65,111,4649
08415088,Römerstein,4037,3747,288,410,371,42,41,3583
08415089,Engstingen,5156,4719,438,791,700,93,76,4287
08415090,Hohenstein,3784,3476,309,479,446,35,63,3242
08415091,Sonnenbühl,7053,6514,539,763,666,96,63,6225
08415092,Lichtenstein,9096,7437,1664,2341,2013,330,208,6543
08415093,St. Johann,5132,4751,378,582,514,68,65,4483
08416006,Bodelshausen,5698,4607,1090,1835,1585,246,135,3726
08416009,Dettenhausen,5404,4899,508,860,778,80,137,4407
08416011,Dußlingen,6087,5214,872,1436,1232,205,181,4467
08416015,Gomaringen,9054,7982,1076,1678,1465,214,202,7173
08416018,Hirrlingen,3129,2844,285,426,379,50,67,2635
08416022,Kirchentellinsfurt,5508,4949,559,885,789,99,165,4458
08416023,Kusterdingen,8636,7838,793,1299,1150,146,207,7129
08416025,"Mössingen, Stadt",21593,18688,2905,4989,4169,818,500,16106
08416026,Nehren,4436,3910,526,868,760,105,84,3488
08416031,Ofterdingen,5317,4641,676,1061,893,166,121,4141
08416036,"Rottenburg am Neckar, Stadt",44954,38222,6735,10294,8877,1413,1069,33592
08416041,"Tübingen, Universitätsstadt",90499,76271,14227,20996,18963,2035,2060,67442
08416048,Ammerbuch,11329,10139,1190,1756,1510,245,248,9325
08416049,Neustetten,3699,3357,343,618,529,85,82,3002
08416050,Starzach,4299,3970,327,613,548,63,61,3623
08417002,"Balingen, Stadt",35190,31021,4166,9204,7819,1386,685,25300
08417008,Bisingen,9543,8408,1134,2092,1760,330,215,7234
08417010,Bitz,3815,3529,288,483,425,57,49,3282
08417013,"Burladingen, Stadt",12056,10509,1543,2240,1977,263,212,9602
08417014,Dautmergen,448,395,53,72,68,7,8,371
08417015,Dormettingen,1086,950,135,282,223,60,15,790
08417016,Dotternhausen,1845,1690,155,304,261,40,49,1491
08417022,"Geislingen, Stadt",5873,5433,438,846,721,124,103,4925
08417023,Grosselfingen,2161,1984,176,322,278,48,45,1794
08417025,"Haigerloch, Stadt",10842,9597,1245,1839,1593,245,174,8832
08417029,Hausen am Tann,509,436,70,120,102,15,9,380
08417031,"Hechingen, Stadt",19514,15996,3513,6293,5343,949,467,12755
08417036,Jungingen,1361,1255,105,210,189,22,39,1109
08417044,"Meßstetten, Stadt",11072,9302,1770,2576,2335,239,197,8300
08417045,Nusplingen,1895,1654,240,373,314,61,22,1501
08417047,Obernheim,1516,1347,171,325,273,54,13,1178
08417051,Rangendingen,5281,4886,392,849,712,136,104,4326
08417052,Ratshausen,743,658,87,115,104,8,,626
08417054,"Rosenfeld, Stadt",6407,5642,768,1513,1309,206,149,4744
08417057,"Schömberg, Stadt",4647,3840,808,1231,1050,179,121,3294
08417063,Straßberg,2465,2281,181,358,310,46,32,2076
08417071,Weilen unter den Rinnen,605,553,51,89,72,15,8,510
08417075,Winterlingen,6339,5685,653,995,888,106,141,5204
08417078,Zimmern unter der Burg,446,415,29,52,49,,4,390
08417079,"Albstadt, Stadt",46134,37554,8580,13553,11867,1688,1282,31297
08421000,"Ulm, Universitätsstadt",127116,99434,27684,41811,36569,5241,3213,82091
08425002,Allmendingen,4867,4246,622,888,771,115,87,3889
08425004,Altheim,593,523,70,85,73,9,4,508
08425005,Altheim (Alb),1692,1565,127,207,170,33,30,1456
08425008,Amstetten,4128,3561,566,981,823,157,78,3070
08425011,Asselfingen,1004,922,82,126,108,21,17,863
08425013,Ballendorf,663,638,28,54,47,3,11,602
08425014,Beimerstetten,2383,2139,249,458,407,54,56,1866
08425017,Berghülen,1956,1777,179,269,242,29,31,1660
08425019,Bernstadt,2258,2080,182,337,282,59,46,1875
08425020,"Blaubeuren, Stadt",12496,9897,2599,3220,2826,397,273,9000
08425022,Börslingen,170,163,8,9,7,,,160
08425024,Breitingen,363,328,37,48,44,7,10,305
08425028,"Dietenheim, Stadt",6781,5658,1122,1959,1677,283,167,4656
08425031,Dornstadt,8991,7990,1002,1698,1446,250,183,7113
08425033,"Ehingen (Donau), Stadt",27241,21991,5248,8200,7066,1136,773,18272
08425035,Emeringen,157,154,4,10,10,,,150
08425036,Emerkingen,822,751,71,95,87,5,15,714
08425039,"Erbach, Stadt",13928,12182,1749,2941,2485,455,308,10677
08425050,Griesingen,1012,939,73,106,94,15,7,893
08425052,Grundsheim,217,204,14,18,15,,3,195
08425055,Hausen am Bussen,278,261,17,47,41,6,3,230
08425062,Holzkirch,270,261,10,22,20,,4,247
08425064,Hüttisheim,1469,1338,132,194,180,13,41,1232
08425066,Illerrieden,3354,3090,261,490,407,86,64,2802
08425071,"Laichingen, Stadt",11955,9780,2175,2988,2630,360,241,8729
08425072,"Langenau, Stadt",15005,12993,2013,3180,2752,427,340,11488
08425073,Lauterach,567,528,37,71,63,5,7,490
08425075,Lonsee,5039,4354,685,1111,984,127,100,3829
08425079,Merklingen,2010,1839,172,281,250,34,45,1683
08425081,"Munderkingen, Stadt",5403,4175,1228,1839,1588,248,135,3429
08425083,Neenstetten,835,753,80,116,103,12,12,705
08425084,Nellingen,1988,1825,163,233,214,15,32,1723
08425085,Nerenstetten,356,345,11,22,22,3,3,331
08425088,Oberdischingen,2212,1948,264,359,302,59,38,1812
08425090,Obermarchtal,1329,1188,137,183,170,11,14,1131
08425091,Oberstadion,1554,1440,114,194,163,29,13,1348
08425092,Öllingen,549,499,51,64,53,7,13,471
08425093,Öpfingen,2298,2043,253,421,366,51,37,1838
08425097,Rammingen,1274,1129,146,219,208,14,19,1033
08425098,Rechtenstein,293,275,16,29,28,3,4,257
08425104,Rottenacker,2198,1956,243,436,364,72,50,1715
08425108,"Schelklingen, Stadt",6644,5613,1029,1567,1340,230,153,4921
08425110,Schnürpflingen,1398,1284,112,179,150,30,14,1205
08425112,Setzingen,709,676,33,79,60,15,17,617
08425123,Untermarchtal,881,769,113,178,160,16,5,699
08425124,Unterstadion,794,753,41,100,93,10,15,679
08425125,Unterwachingen,192,185,8,18,16,3,3,173
08425130,Weidenstetten,1366,1212,156,218,198,20,14,1134
08425134,Westerheim,3016,2833,183,300,269,30,30,2684
08425135,Westerstetten,2205,2023,182,312,265,49,31,1859
08425137,Illerkirchberg,4865,4355,510,864,743,123,109,3887
08425138,Staig,3266,2989,276,434,386,44,53,2781
08425139,Heroldstatt,2819,2569,251,412,345,65,30,2376
08425140,Balzheim,2130,1872,258,418,353,68,54,1657
08425141,"Blaustein, Stadt",16310,13614,2696,3684,3209,472,385,12242
08426001,Achstetten,4940,4421,521,803,671,134,95,4041
08426005,Alleshausen,537,505,30,57,39,16,,479
08426006,Allmannsweiler,328,312,15,30,29,3,3,296
08426008,Altheim,2104,1991,113,305,255,48,32,1766
08426011,Attenweiler,1902,1755,148,268,223,42,21,1611
08426013,"Bad Buchau, Stadt",4518,3549,970,1557,1398,160,77,2883
08426014,"Bad Schussenried, Stadt",8705,7675,1030,1857,1558,296,163,6686
08426019,Berkheim,3106,2798,308,573,470,100,79,2454
08426020,Betzenweiler,755,689,66,90,75,11,4,662
08426021,"Biberach an der Riß, Stadt",34018,28354,5660,10548,9026,1522,692,22775
08426028,Burgrieden,4165,3798,370,842,671,174,94,3223
08426031,Dettingen an der Iller,2632,2440,192,316,273,40,40,2281
08426035,Dürmentingen,2559,2276,283,542,470,75,22,1994
08426036,Dürnau,465,421,43,60,50,7,8,395
08426038,Eberhardzell,4497,4202,298,508,436,74,72,3913
08426043,Erlenmoos,1792,1688,104,191,163,27,35,1565
08426044,Erolzheim,3338,2913,428,678,584,91,66,2595
08426045,Ertingen,5354,4789,565,1440,1223,213,83,3828
08426058,Hochdorf,2319,2183,137,249,214,38,42,2025
08426062,Ingoldingen,3079,2952,127,260,225,37,28,2792
08426064,Kanzach,496,456,40,68,64,5,4,422
08426065,Kirchberg an der Iller,2192,1885,306,455,396,62,31,1706
08426066,Kirchdorf an der Iller,3988,3483,505,1033,865,168,87,2869
08426067,Langenenslingen,3642,3299,341,607,539,73,53,2974
08426070,"Laupheim, Stadt",22638,19195,3440,6185,5272,915,514,15938
08426071,Maselheim,4576,4214,364,556,498,60,39,3977
08426073,Mietingen,4508,4217,291,449,384,61,74,3988
08426074,Mittelbiberach,4393,3978,415,782,674,105,72,3537
08426078,Moosburg,226,215,10,37,37,3,7,185
08426087,"Ochsenhausen, Stadt",9122,7831,1295,2000,1660,339,180,6943
08426090,Oggelshausen,933,879,52,89,73,14,13,831
08426097,"Riedlingen, Stadt",10794,9201,1594,3808,3132,681,155,6831
08426100,Rot an der Rot,4600,4209,394,546,484,59,66,3994
08426108,Schwendi,6774,6029,746,1108,978,132,119,5545
08426109,Seekirch,306,289,19,48,38,11,9,249
08426113,Steinhausen an der Rottum,2148,1983,164,213,196,16,34,1902
08426117,Tannheim,2491,2238,251,430,359,73,37,2019
08426118,Tiefenbach,533,510,26,55,39,20,,473
08426120,Ummendorf,4397,4063,332,697,586,115,77,3624
08426121,Unlingen,2404,2231,173,401,328,75,24,1982
08426124,Uttenweiler,3694,3457,231,556,474,85,58,3077
08426125,Wain,1650,1446,203,359,281,75,23,1268
08426128,Warthausen,5218,4760,457,987,859,129,122,4106
08426134,Schemmerhofen,8652,8089,560,1040,868,175,143,7469
08426135,Gutenzell-Hürbel,1835,1756,80,170,154,15,15,1649
08435005,Bermatingen,3981,3552,429,626,562,62,80,3276
08435010,Daisendorf,1517,1327,189,288,259,26,17,1209
08435013,Eriskirch,4809,4243,567,1014,888,123,149,3645
08435015,Frickingen,3000,2725,277,450,393,59,53,2497
08435016,"Friedrichshafen, Stadt",61780,49406,12374,19802,17217,2583,1671,40304
08435018,Hagnau am Bodensee,1433,1207,221,316,297,16,22,1097
08435020,Heiligenberg,2858,2608,251,389,359,28,65,2406
08435024,Immenstaad am Bodensee,6430,5534,897,1417,1247,169,129,4887
08435029,Kressbronn am Bodensee,8726,7570,1154,1992,1778,215,177,6552
08435030,Langenargen,7547,6784,761,1273,1182,89,121,6153
08435034,"Markdorf, Stadt",14318,12125,2189,3481,3034,446,357,10479
08435035,Meckenbeuren,13742,12394,1350,2386,2029,353,286,11071
08435036,"Meersburg, Stadt",5893,4744,1149,1543,1412,130,87,4264
08435042,Neukirch,2695,2526,166,283,251,29,50,2365
08435045,Oberteuringen,4941,4416,525,891,772,120,102,3948
08435047,Owingen,4468,3994,472,753,648,102,92,3627
08435052,Salem,11996,10403,1594,2249,1988,262,248,9496
08435053,Sipplingen,2061,1856,207,309,279,27,33,1722
08435054,Stetten,966,840,125,181,158,24,7,779
08435057,"Tettnang, Stadt",20078,17422,2656,3997,3503,497,384,15696
08435059,"Überlingen, Stadt",22572,19429,3143,4996,4510,485,379,17198
08435066,Uhldingen-Mühlhofen,8263,6916,1343,1852,1636,220,171,6236
08435067,Deggenhausertal,4402,4057,347,500,453,47,67,3835
08436001,Achberg,1730,1609,120,221,214,9,23,1484
08436003,Aichstetten,2845,2553,290,423,359,61,24,2394
08436004,Aitrach,2809,2477,336,475,409,63,29,2305
08436005,Altshausen,4013,3487,525,873,781,94,71,3069
08436006,Amtzell,4186,3885,301,452,422,28,57,3676
08436008,"Aulendorf, Stadt",10294,9012,1281,3178,2650,527,176,6940
08436009,"Bad Waldsee, Stadt",20257,17955,2303,4476,3816,655,379,15409
08436010,"Bad Wurzach, Stadt",14817,13116,1701,2258,1979,275,320,12238
08436011,Baienfurt,7137,6001,1136,2200,1850,352,172,4762
08436012,Baindt,5264,4638,626,1459,1214,243,101,3701
08436013,Berg,4397,4014,381,749,672,81,78,3565
08436014,Bergatreute,3154,2922,228,408,350,59,53,2693
08436018,Bodnegg,3080,2892,190,326,282,42,55,2699
08436019,Boms,724,647,75,127,112,16,7,591
08436024,Ebenweiler,1274,1199,79,150,126,27,21,1100
08436027,Eichstegen,521,468,54,68,65,,15,438
08436032,Fleischwangen,684,648,36,74,67,5,3,605
08436039,Grünkraut,3089,2796,292,479,434,48,49,2557
08436040,Guggenhausen,179,172,8,11,11,,,164
08436047,Hoßkirch,718,663,55,94,80,11,7,616
08436049,"Isny im Allgäu, Stadt",14520,12277,2247,3218,2834,382,231,11068
08436052,Kißlegg,9158,8385,774,1224,1103,117,154,7779
08436053,Königseggwald,688,651,39,66,55,13,13,607
08436055,"Leutkirch im Allgäu, Stadt",23517,20520,3000,4796,4154,644,370,18349
08436064,"Ravensburg, Stadt",49896,42566,7332,12842,11238,1603,1049,36011
08436067,Riedhausen,772,743,27,70,55,14,7,691
08436069,Schlier,3898,3570,328,559,479,77,91,3253
08436077,Unterwaldhausen,282,264,17,29,29,3,3,248
08436078,Vogt,4661,4167,493,802,709,95,56,3804
08436079,Waldburg,3260,3080,177,312,283,28,41,2907
08436081,"Wangen im Allgäu, Stadt",27553,24148,3401,5057,4448,612,555,21941
08436082,"Weingarten, Stadt",24640,20344,4292,8392,7271,1124,518,15729
08436083,Wilhelmsdorf,4692,4270,422,798,713,84,101,3793
08436085,Wolfegg,3804,3538,270,447,384,67,46,3309
08436087,Wolpertswende,4052,3701,348,667,574,95,85,3291
08436093,Ebersbach-Musbach,1692,1624,69,173,158,13,18,1502
08436094,Argenbühl,6640,6211,431,635,577,61,99,5910
08436095,Horgenzell,5652,4813,838,1031,972,60,105,4512
08436096,Fronreute,4872,4500,372,720,622,95,95,4060
08437005,Beuron,673,606,70,97,96,3,9,562
08437008,Bingen,2714,2485,229,351,319,35,34,2330
08437031,"Gammertingen, Stadt",6212,5318,895,1325,1201,123,98,4787
08437044,Herbertingen,4783,4358,425,903,770,135,72,3806
08437047,"Hettingen, Stadt",1787,1680,106,132,124,11,25,1625
08437053,Hohentengen,4215,3850,363,553,493,62,44,3617
08437056,Illmensee,2025,1923,103,212,187,27,34,1778
08437059,Inzigkofen,2918,2697,219,433,373,62,50,2438
08437065,Krauchenwies,4985,4481,507,818,683,134,93,4073
08437072,Leibertingen,2192,2102,87,178,160,19,29,1982
08437076,"Mengen, Stadt",10014,8720,1293,2197,1890,305,154,7664
08437078,"Meßkirch, Stadt",8558,7330,1233,2533,2148,383,174,5856
08437082,Neufra,1839,1726,111,201,182,20,14,1622
08437086,Ostrach,6952,6379,574,1398,1178,219,116,5436
08437088,"Pfullendorf, Stadt",13233,11294,1939,4019,3413,604,317,8894
08437100,"Bad Saulgau, Stadt",17975,15750,2223,4386,3653,736,339,13247
08437101,"Scheer, Stadt",2464,2175,291,480,429,55,39,1945
08437102,Schwenningen,1655,1521,129,165,144,17,12,1477
08437104,"Sigmaringen, Stadt",17141,13892,3247,5483,4821,663,306,11349
08437105,Sigmaringendorf,3733,3272,464,781,669,109,57,2898
08437107,Stetten am kalten Markt,4720,4420,300,551,504,49,61,4108
08437114,"Veringenstadt, Stadt",2148,1939,208,326,294,31,27,1796
08437118,Wald,2639,2459,179,300,267,30,53,2283
08437123,Sauldorf,2581,2381,200,317,282,31,35,2227
08437124,Herdwangen-Schönach,3359,3151,210,405,361,42,89,2867
