ags,name,population,census_population,projection_population_2022,u3,a3_5,a6_9,a10_15,a16_18,a19_24,a25_39,a40_59,a60_66,a67_74,a75plus
08111000,"Stuttgart, Landeshauptstadt",610458,610458,632165,17917,16828,20985,31365,15766,46547,152584,162610,46254,39625,59982
08115001,Aidlingen,9151,9151,9328,272,283,348,518,247,566,1630,2608,873,785,1025
08115002,Altdorf,4547,4547,4698,145,120,172,322,166,281,747,1468,429,292,408
08115003,"Böblingen, Stadt",50705,50705,51425,1664,1601,2046,2928,1354,2918,11078,13864,4205,3546,5502
08115004,Bondorf,6197,6197,6281,193,236,259,344,166,447,1226,1794,574,437,522
08115010,Deckenpfronn,3269,3269,3460,95,112,145,201,91,205,585,1005,304,234,297
08115013,Ehningen,9124,9124,9316,327,322,432,525,256,531,1907,2689,712,595,824
08115015,Gärtringen,12903,12903,12780,428,437,512,831,475,740,2401,3670,1118,968,1317
08115016,Gäufelden,8982,8982,9283,285,273,363,530,294,579,1628,2598,920,743,772
08115021,"Herrenberg, Stadt",33344,33344,32259,1064,1017,1293,1867,1015,2060,6130,9426,3113,2597,3767
08115022,Hildrizhausen,3493,3493,3617,103,93,122,210,95,230,582,1022,361,285,389
08115024,"Holzgerlingen, Stadt",13822,13822,13704,456,440,580,958,458,805,2505,4067,1215,897,1438
08115028,"Leonberg, Stadt",48337,48337,49291,1520,1515,1818,2563,1261,2763,9814,13445,4200,3662,5770
08115029,Magstadt,9580,9580,9821,321,301,422,548,308,608,2036,2720,793,631,893
08115034,Mötzingen,3711,3711,3746,116,119,174,214,115,243,672,1065,392,294,306
08115037,Nufringen,5753,5753,5931,213,183,227,292,175,366,1215,1618,527,413,529
08115041,"Renningen, Stadt",18443,18443,18560,614,659,797,1100,540,1064,3802,5115,1682,1322,1749
08115042,"Rutesheim, Stadt",10936,10936,10854,329,352,513,679,331,606,1935,3186,1015,791,1195
08115044,Schönaich,10339,10339,10900,337,364,451,575,306,598,1880,2913,940,788,1188
08115045,"Sindelfingen, Stadt",60545,60545,64903,1862,1898,2378,3722,1780,3672,11875,16773,5307,4476,6794
08115046,Steinenbronn,6433,6433,6531,178,196,232,408,192,380,1261,1849,668,480,584
08115048,"Waldenbuch, Stadt",8630,8630,8745,230,237,321,502,256,515,1427,2515,865,785,976
08115050,"Weil der Stadt, Stadt",19411,19411,19296,558,658,781,1192,594,1125,3485,5465,1884,1600,2068
08115051,Weil im Schönbuch,9720,9720,10057,306,280,338,514,344,649,1676,2839,1015,736,1026
08115052,Weissach,7624,7624,7661,237,235,295,452,226,461,1330,2141,772,638,844
08115053,Jettingen,7981,7981,8098,287,289,370,494,239,493,1423,2244,822,628,694
08115054,Grafenau,6670,6670,6888,196,180,274,388,177,420,1203,1988,638,509,697
08116004,Altbach,6052,6052,6417,177,201,201,325,178,386,1252,1727,463,421,707
08116005,Altdorf,1684,1684,1689,47,57,72,108,71,121,302,526,151,121,107
08116006,Altenriet,1955,1955,2007,50,67,85,111,65,123,298,599,204,146,205
08116007,Baltmannsweiler,5516,5516,5701,151,153,207,338,163,329,873,1573,568,465,683
08116008,Bempflingen,3351,3351,3506,92,115,131,201,88,205,555,987,321,256,401
08116011,Beuren,3612,3612,3720,111,87,130,173,94,176,656,1017,395,294,474
08116012,Bissingen an der Teck,3372,3372,3492,81,120,143,169,77,221,563,958,377,289,372
08116014,Deizisau,6673,6673,6871,172,173,245,329,205,508,1177,2016,543,502,805
08116015,Denkendorf,11001,11001,11332,353,340,424,614,297,745,2117,3125,952,822,1216
08116016,Dettingen unter Teck,6064,6064,6250,180,188,238,379,182,325,990,1750,550,516,765
08116018,Erkenbrechtsweiler,2035,2035,2186,63,80,93,110,56,109,365,586,211,178,187
08116019,"Esslingen am Neckar, Stadt",94442,94442,93950,2843,2710,3508,5293,2838,6460,19714,26416,7792,6474,10397
08116020,Frickenhausen,9202,9202,9370,268,280,359,547,280,562,1608,2585,903,733,1077
08116022,Großbettlingen,4248,4248,4443,121,107,143,255,128,245,716,1266,418,361,487
08116027,Hochdorf,4647,4647,4842,144,149,189,284,117,261,737,1315,456,379,622
08116029,Holzmaden,2276,2276,2374,81,80,98,127,65,140,428,664,228,174,196
08116033,"Kirchheim unter Teck, Stadt",41676,41676,41607,1232,1215,1458,2311,1228,2364,7754,11669,4307,3522,4615
08116035,Köngen,9560,9560,9812,289,274,349,542,273,610,1805,2772,895,710,1041
08116036,Kohlberg,2344,2344,2353,72,77,101,138,68,134,386,703,219,198,254
08116037,Lichtenwald,2559,2559,2682,100,100,132,153,46,106,422,710,245,241,308
08116041,Neckartailfingen,3769,3769,4007,129,139,134,201,112,240,763,1056,379,265,358
08116042,Neckartenzlingen,6107,6107,6423,131,176,220,364,179,366,1037,1815,588,548,673
08116043,Neidlingen,1759,1759,1834,49,60,84,94,32,125,304,496,194,131,194
08116046,"Neuffen, Stadt",6024,6024,6263,156,157,221,323,173,429,1016,1743,625,517,669
08116047,Neuhausen auf den Fildern,12067,12067,12176,398,384,495,689,350,654,2366,3560,1010,873,1292
08116048,Notzingen,3572,3572,3606,74,103,102,204,107,187,528,1001,458,343,468
08116049,"Nürtingen, Stadt",40212,40212,41099,1136,1090,1416,2207,1236,3068,7464,11048,3726,3261,4567
08116050,Oberboihingen,5486,5486,5666,180,143,195,314,174,337,1076,1525,558,420,566
08116053,Ohmden,1729,1729,1723,58,60,59,103,66,111,251,515,171,138,204
08116054,"Owen, Stadt",3337,3337,3440,95,107,136,194,82,188,590,935,348,306,354
08116056,"Plochingen, Stadt",14178,14178,14547,420,440,548,826,426,912,2887,3855,1253,1051,1557
08116058,Reichenbach an der Fils,7873,7873,8313,220,224,259,405,210,488,1480,2208,793,622,970
08116063,Schlaitdorf,1865,1865,1945,54,55,73,117,62,109,328,583,205,146,136
08116068,Unterensingen,4908,4908,5009,176,168,187,269,141,318,927,1442,437,340,495
08116070,"Weilheim an der Teck, Stadt",9779,9779,10324,305,299,349,524,318,613,1736,2825,1046,783,983
08116071,"Wendlingen am Neckar, Stadt",15800,15800,16152,508,444,550,881,445,882,3038,4469,1498,1257,1823
08116072,"Wernau (Neckar), Stadt",11995,11995,12253,383,344,433,622,332,724,2282,3449,1091,953,1388
08116073,Wolfschlugen,6164,6164,6354,155,178,237,353,170,372,1043,1806,618,539,693
08116076,Aichwald,7252,7252,7618,195,210,247,334,205,402,1085,2023,712,712,1130
08116077,"Filderstadt, Stadt",45821,45821,46150,1415,1249,1625,2474,1308,3026,9566,13062,4105,3426,4574
08116078,"Leinfelden-Echterdingen, Stadt",40774,40774,40357,1314,1218,1458,2191,1118,2334,8741,11527,3465,2828,4579
08116079,Lenningen,8063,8063,8307,212,263,293,428,227,501,1382,2298,863,673,917
08116080,"Ostfildern, Stadt",39555,39555,39908,1161,1181,1619,2451,1230,2388,7690,11517,3331,2903,4083
08116081,"Aichtal, Stadt",9537,9537,9968,258,293,363,564,278,522,1652,2863,989,842,907
08117001,Adelberg,1972,1972,2021,59,48,79,107,65,110,273,596,211,212,208
08117002,Aichelberg,1315,1315,1324,35,37,58,71,45,85,216,418,127,108,119
08117003,Albershausen,4397,4397,4462,99,143,150,273,123,248,782,1267,417,359,530
08117006,Bad Ditzenbach,3726,3726,3796,127,125,138,163,97,201,689,1027,412,328,419
08117007,Bad Überkingen,3839,3839,3925,91,106,126,184,103,236,596,1078,405,349,571
08117009,Birenbach,1889,1889,1921,54,68,92,96,47,98,306,528,196,172,228
08117010,Böhmenkirch,5537,5537,5624,179,191,239,317,175,359,1018,1613,539,423,479
08117011,Börtlingen,1683,1683,1721,52,67,53,107,49,89,275,459,152,174,209
08117012,Bad Boll,5189,5189,5263,133,153,198,329,164,285,813,1413,552,424,712
08117014,Deggingen,5131,5131,5331,126,181,195,262,126,326,822,1407,496,505,682
08117015,"Donzdorf, Stadt",10531,10531,10960,278,279,342,588,297,643,1749,2930,1067,987,1372
08117016,Drackenstein,459,459,460,18,12,13,36,10,22,93,135,42,52,24
08117017,Dürnau,2169,2169,2197,59,81,96,116,79,108,389,622,236,209,180
08117018,"Ebersbach an der Fils, Stadt",15231,15231,15648,476,497,600,833,407,863,2701,4202,1575,1223,1850
08117019,"Eislingen/Fils, Stadt",21972,21972,21606,676,694,817,1223,684,1483,4289,6064,2019,1743,2288
08117020,Eschenbach,2137,2137,2145,61,56,57,113,55,125,370,595,266,222,216
08117023,Gammelshausen,1464,1464,1473,49,56,48,94,30,67,268,395,158,132,168
08117024,"Geislingen an der Steige, Stadt",26869,26869,28401,831,847,1095,1575,889,1996,5284,7123,2482,2003,2743
08117025,Gingen an der Fils,4408,4408,4555,128,136,154,228,139,266,759,1283,452,318,538
08117026,"Göppingen, Stadt",57809,57809,58428,1686,1798,2226,3258,1671,3612,11235,15764,5426,4701,6436
08117028,Gruibingen,2225,2225,2324,57,75,86,112,60,135,459,627,243,199,172
08117029,Hattenhofen,2943,2943,2969,68,77,119,157,85,153,456,880,301,283,370
08117030,Heiningen,4968,4968,5118,134,141,183,249,141,278,838,1364,516,482,642
08117031,Hohenstadt,863,863,845,11,23,23,34,23,49,147,301,99,80,75
08117033,Kuchen,5537,5537,5700,130,157,194,262,149,356,930,1572,516,516,753
08117035,Mühlhausen im Täle,1088,1088,1100,36,31,40,59,30,61,207,308,119,117,79
08117037,Ottenbach,2410,2410,2466,78,68,97,147,73,150,361,702,251,224,254
08117038,Rechberghausen,5413,5413,5459,150,152,205,312,148,281,881,1539,535,481,725
08117042,Salach,7976,7976,8197,233,227,305,464,237,525,1432,2318,725,671,840
08117043,Schlat,1668,1668,1696,46,45,49,86,55,106,308,443,181,143,202
08117044,Schlierbach,3834,3834,3901,104,115,157,233,119,242,559,1130,353,341,485
08117049,"Süßen, Stadt",10048,10048,10249,292,334,421,550,275,601,1866,2738,1004,869,1093
08117051,"Uhingen, Stadt",14248,14248,14504,421,470,516,840,459,919,2623,3950,1437,1077,1535
08117053,Wäschenbeuren,3912,3912,3969,102,94,138,223,143,240,654,1143,436,281,454
08117055,Wangen,3138,3138,3174,74,90,120,198,78,166,472,889,341,279,430
08117058,"Wiesensteig, Stadt",1976,1976,2055,72,66,59,93,59,123,355,518,214,165,259
08117060,Zell unter Aichelberg,3110,3110,3157,83,85,117,161,103,166,510,931,324,276,348
08117061,"Lauterstein, Stadt",2505,2505,2566,68,74,79,138,73,160,416,699,279,224,305
08118001,Affalterbach,4304,4304,4477,119,149,183,278,121,245,697,1199,376,408,531
08118003,"Asperg, Stadt",13141,13141,13515,400,390,530,708,382,833,2567,3680,1217,1015,1417
08118006,Benningen am Neckar,6212,6212,6605,198,224,264,376,162,334,1168,1796,589,503,596
08118007,"Besigheim, Stadt",12138,12138,12841,393,384,498,682,336,715,2383,3542,1177,879,1146
08118010,"Bönnigheim, Stadt",7919,7919,8317,253,258,322,431,235,501,1533,2241,799,596,757
08118011,"Ditzingen, Stadt",22659,22659,25184,664,680,879,1397,642,1281,4062,6452,2158,1826,2620
08118012,Eberdingen,6698,6698,6946,222,229,267,412,185,350,1203,1943,633,576,686
08118014,Erdmannhausen,5193,5193,5329,147,180,247,306,135,282,949,1496,498,458,497
08118015,Erligheim,2839,2839,2935,93,84,115,154,85,175,512,842,312,206,264
08118016,Freudental,2392,2392,2569,79,68,99,150,86,147,389,733,224,172,244
08118018,Gemmrigheim,4407,4407,4777,199,180,167,209,128,268,974,1253,340,302,382
08118019,"Gerlingen, Stadt",18657,18657,19756,500,499,656,1077,496,1029,3220,5619,1674,1365,2529
08118021,"Großbottwar, Stadt",7855,7855,8457,219,263,321,473,237,510,1334,2276,764,630,824
08118027,Hemmingen,7809,7809,8126,264,287,343,388,193,404,1479,2146,709,680,924
08118028,Hessigheim,2482,2482,2533,83,104,125,161,71,159,480,701,230,160,212
08118040,Kirchheim am Neckar,5828,5828,6149,203,214,268,397,182,368,1211,1645,514,399,431
08118046,"Kornwestheim, Stadt",33536,33536,33865,1010,1031,1292,1885,927,2022,7270,9401,2930,2324,3444
08118047,Löchgau,5632,5632,5868,189,179,230,299,165,329,1032,1567,629,435,570
08118048,"Ludwigsburg, Stadt",91810,91810,93509,2886,2711,3459,5137,2432,6214,19818,25550,7512,6510,9577
08118049,"Marbach am Neckar, Stadt",15429,15429,15970,501,503,592,938,479,902,2906,4538,1426,1100,1552
08118050,"Markgröningen, Stadt",14043,14043,14957,411,436,546,806,400,872,2688,4059,1443,1057,1324
08118051,Möglingen,10618,10618,11270,341,340,437,610,268,609,2085,2958,969,773,1229
08118053,Mundelsheim,3457,3457,3499,106,138,152,186,102,215,639,967,359,257,336
08118054,Murr,6498,6498,6732,189,199,289,376,171,384,1154,1971,602,522,650
08118059,"Oberriexingen, Stadt",3265,3265,3371,99,119,134,221,98,170,535,995,333,256,306
08118060,Oberstenfeld,7534,7534,7967,221,228,304,406,211,435,1261,2127,753,673,908
08118063,Pleidelsheim,6058,6058,6367,190,187,215,330,165,366,1167,1762,602,456,618
08118067,Schwieberdingen,11141,11141,11458,374,380,467,661,338,660,2137,3213,911,823,1185
08118068,Sersheim,5359,5359,5743,182,181,215,347,144,336,980,1588,479,413,492
08118070,"Steinheim an der Murr, Stadt",11986,11986,12147,346,381,491,726,426,745,1926,3531,1284,942,1192
08118071,"Tamm, Stadt",12168,12168,12663,353,336,433,662,291,595,2294,3371,1222,1196,1418
08118073,"Vaihingen an der Enz, Stadt",28576,28576,29291,889,927,1093,1784,938,1741,4980,8423,2760,2193,2851
08118074,Walheim,3219,3219,3335,92,102,117,141,86,205,664,891,314,264,339
08118076,"Sachsenheim, Stadt",18303,18303,19312,557,585,792,1068,494,1062,3376,5133,1851,1467,1912
08118077,Ingersheim,6239,6239,6457,183,181,253,391,200,376,1128,1808,575,492,649
08118078,"Freiberg am Neckar, Stadt",15434,15434,16170,427,480,542,828,443,966,3020,4379,1448,1219,1675
08118079,"Bietigheim-Bissingen, Stadt",43328,43328,43582,1220,1298,1638,2482,1280,2691,8110,12275,4054,3404,4876
08118080,"Korntal-Münchingen, Stadt",18386,18386,19746,617,590,741,1111,562,1091,3530,5127,1514,1317,2183
08118081,"Remseck am Neckar, Stadt",26024,26024,26413,875,876,1158,1607,818,1521,4767,7716,2328,1912,2446
08119001,Alfdorf,7292,7292,7248,230,214,300,408,248,484,1190,2036,833,589,762
08119003,Allmersbach im Tal,5065,5065,5076,170,164,193,308,167,335,833,1388,483,405,621
08119004,Althütte,4290,4290,4359,127,120,166,240,148,259,675,1319,418,358,457
08119006,Auenwald,6804,6804,6762,189,197,217,364,203,423,1085,1958,738,628,801
08119008,"Backnang, Stadt",38202,38202,37698,1138,1290,1649,2113,1154,2393,7371,10499,3697,2937,3962
08119018,Burgstetten,3749,3749,3761,109,108,142,229,112,215,699,1129,359,301,354
08119020,"Fellbach, Stadt",46147,46147,45317,1362,1385,1677,2616,1312,2912,9135,12997,4096,3459,5207
08119024,Großerlach,2616,2616,2562,80,61,88,118,66,136,480,768,321,260,244
08119037,Kaisersbach,2461,2461,2447,63,79,100,146,82,152,401,701,274,233,238
08119038,Kirchberg an der Murr,4004,4004,4064,121,159,181,226,119,260,744,1154,342,291,400
08119041,Korb,11262,11262,11024,310,375,447,595,320,657,2142,3188,1060,863,1293
08119042,Leutenbach,12121,12121,11794,428,396,495,711,355,743,2252,3446,1139,904,1248
08119044,"Murrhardt, Stadt",14360,14360,14058,395,445,520,822,428,913,2459,3955,1560,1261,1602
08119053,Oppenweiler,4440,4440,4365,155,147,166,236,135,277,822,1215,462,348,481
08119055,Plüderhausen,9687,9687,9744,288,286,313,527,278,609,1706,2700,997,826,1153
08119061,Rudersberg,11704,11704,11373,338,346,468,662,347,708,1996,3342,1214,1067,1218
08119067,"Schorndorf, Stadt",40548,40548,39981,1182,1125,1467,2352,1220,2327,7166,11402,3901,3453,4950
08119068,Schwaikheim,9693,9693,9677,281,308,376,504,257,579,1890,2788,926,784,999
08119069,Spiegelberg,2186,2186,2193,62,81,80,105,67,118,421,614,261,177,200
08119075,Sulzbach an der Murr,5279,5279,5271,164,174,198,288,160,347,916,1474,539,426,591
08119076,Urbach,8951,8951,9014,218,247,337,553,303,580,1516,2647,878,703,967
08119079,"Waiblingen, Stadt",57280,57280,55969,1751,1715,2352,3309,1721,3491,10838,16551,5158,4185,6201
08119083,Weissach im Tal,7436,7436,7362,203,224,293,407,213,464,1322,1998,771,673,874
08119084,"Welzheim, Stadt",11120,11120,11256,309,337,391,643,363,671,1965,3137,1169,915,1220
08119085,"Winnenden, Stadt",29297,29297,28985,889,891,1055,1541,896,2021,5531,8231,2797,2292,3152
08119086,Winterbach,7661,7661,7719,188,191,300,457,227,452,1291,2130,762,721,949
08119087,Aspach,8380,8380,8286,263,221,275,424,259,593,1488,2357,856,731,923
08119089,Berglen,6708,6708,6643,239,258,268,352,201,383,1172,1986,688,523,629
08119090,Remshalden,14349,14349,14133,445,420,534,826,406,816,2570,4094,1255,1183,1798
08119091,"Weinstadt, Stadt",26807,26807,27048,755,808,967,1488,813,1610,4636,7792,2498,2133,3300
08119093,Kernen im Remstal,15761,15761,15433,407,427,563,850,491,1042,2801,4625,1495,1246,1818
08121000,"Heilbronn, Universitätsstadt",128303,128303,126813,3935,4031,4897,7545,3762,9652,28195,33771,10619,9014,12886
08125001,Abstatt,4896,4896,4996,171,148,196,282,139,275,962,1422,456,406,437
08125005,"Bad Friedrichshall, Stadt",19746,19746,20027,611,607,748,1205,600,1381,4139,5695,1859,1398,1503
08125006,"Bad Rappenau, Stadt",22333,22333,22171,668,672,845,1137,648,1321,4316,6026,2270,2021,2412
08125007,"Bad Wimpfen, Stadt",7311,7311,7325,228,226,269,403,213,426,1298,2100,638,646,869
08125008,"Beilstein, Stadt",6201,6201,6265,189,204,214,296,163,338,1056,1747,619,560,820
08125013,"Brackenheim, Stadt",16475,16475,16441,535,540,656,935,539,1081,3119,4693,1615,1304,1458
08125017,Cleebronn,3125,3125,3221,115,130,140,205,94,204,636,897,276,207,216
08125021,Eberstadt,3105,3105,3185,94,87,118,163,81,187,572,862,316,279,340
08125024,Ellhofen,3929,3929,3931,140,157,190,204,124,253,762,998,421,311,371
08125026,"Eppingen, Stadt",22424,22424,22089,719,716,885,1355,676,1484,4161,6481,2277,1821,1848
08125027,Erlenbach,5151,5151,5243,180,166,202,248,121,277,1102,1456,471,358,570
08125030,Flein,7276,7276,7283,231,213,275,383,197,428,1334,2092,641,597,882
08125034,Gemmingen,5466,5466,5462,182,179,205,319,167,334,1092,1484,546,443,522
08125038,"Güglingen, Stadt",6380,6380,6444,202,201,265,347,205,434,1184,1907,596,470,578
08125039,"Gundelsheim, Stadt",7589,7589,7619,278,242,287,429,201,514,1370,2104,729,657,780
08125046,Ilsfeld,9669,9669,9766,307,307,388,595,306,585,1841,2938,803,733,871
08125047,Ittlingen,2619,2619,2613,90,89,127,168,84,160,503,753,242,196,204
08125048,Jagsthausen,1731,1731,2035,44,48,48,97,49,120,340,539,168,120,157
08125049,Kirchardt,5878,5878,6022,212,217,288,399,172,452,1164,1591,502,401,490
08125056,"Lauffen am Neckar, Stadt",11985,11985,11816,365,374,469,725,325,734,2395,3364,1139,922,1175
08125057,Lehrensteinsfeld,2656,2656,2642,89,99,126,187,95,158,471,771,199,196,264
08125058,"Leingarten, Stadt",11717,11717,11798,366,354,407,657,325,683,2211,3393,1164,965,1193
08125059,"Löwenstein, Stadt",3388,3388,3406,84,114,134,176,102,188,626,1024,372,300,266
08125061,Massenbachhausen,3668,3668,3698,132,135,175,203,81,189,744,1013,379,295,323
08125063,"Möckmühl, Stadt",8261,8261,8541,278,249,319,454,229,586,1646,2250,834,687,730
08125065,"Neckarsulm, Stadt",26221,26221,26459,721,778,1030,1523,756,1799,4945,7382,2485,2101,2707
08125066,Neckarwestheim,4103,4103,4148,157,148,168,249,98,226,827,1160,409,295,367
08125068,"Neudenau, Stadt",5338,5338,5485,170,180,222,290,146,335,1011,1532,533,434,493
08125069,"Neuenstadt am Kocher, Stadt",10157,10157,10444,355,353,395,608,283,591,1975,2874,931,886,898
08125074,Nordheim,8457,8457,8480,271,276,366,482,294,514,1536,2477,756,659,822
08125078,Oedheim,6534,6534,6601,244,205,255,353,192,373,1252,1901,667,469,628
08125079,Offenau,2909,2909,2978,80,98,132,181,96,204,523,801,304,203,289
08125081,Pfaffenhofen,2443,2443,2468,74,85,120,138,89,159,424,693,295,189,183
08125084,Roigheim,1444,1444,1461,41,38,56,71,58,112,273,423,131,115,129
08125086,"Schwaigern, Stadt",11493,11493,11677,355,375,456,710,357,714,2102,3236,1149,918,1116
08125087,Siegelsbach,1667,1667,1707,64,43,52,74,55,121,301,495,168,134,158
08125094,Talheim,4972,4972,5065,158,130,183,271,131,231,849,1496,522,436,557
08125096,Untereisesheim,4241,4241,4301,140,114,169,286,138,215,745,1227,386,390,427
08125098,Untergruppenbach,8540,8540,8595,317,270,321,434,209,440,1638,2451,816,685,958
08125102,"Weinsberg, Stadt",12708,12708,13001,462,407,517,698,361,761,2626,3546,1201,934,1200
08125103,"Widdern, Stadt",1804,1804,1835,44,60,71,88,58,113,361,530,201,106,171
08125107,Wüstenrot,6779,6779,6837,183,184,259,372,187,391,1196,1901,724,596,784
08125108,Zaberfeld,4179,4179,4277,140,161,153,205,128,235,693,1235,491,381,355
08125110,Obersulm,13845,13845,13973,419,406,540,798,400,786,2466,3987,1369,1154,1520
08125111,Hardthausen am Kocher,4227,4227,4334,151,178,161,265,134,273,847,1228,398,289,308
08125113,Langenbrettach,3918,3918,3919,102,138,159,253,134,268,765,1174,355,282,286
08126011,Bretzfeld,12498,12498,12669,385,412,474,761,350,776,2424,3550,1247,1055,1062
08126020,Dörzbach,2516,2516,2575,75,78,113,157,77,176,460,706,247,220,205
08126028,"Forchtenberg, Stadt",5271,5271,5284,166,179,218,303,150,321,998,1533,518,424,461
08126039,"Ingelfingen, Stadt",5430,5430,5458,173,153,150,273,192,416,908,1549,560,477,578
08126045,"Krautheim, Stadt",4662,4662,4668,124,135,138,296,134,288,783,1427,533,356,446
08126046,"Künzelsau, Stadt",15733,15733,15985,463,458,563,879,496,1173,3126,4035,1544,1302,1695
08126047,Kupferzell,6421,6421,6440,215,223,258,357,200,387,1373,1836,609,488,473
08126056,Mulfingen,3621,3621,3668,115,101,106,221,128,237,662,1005,419,295,333
08126058,"Neuenstein, Stadt",6644,6644,6726,239,199,281,457,215,427,1214,1848,655,543,564
08126060,"Niedernhall, Stadt",4143,4143,4121,114,103,160,263,138,290,753,1219,375,336,398
08126066,"Öhringen, Stadt",25320,25320,25343,820,791,892,1426,691,1486,5152,6799,2649,2130,2489
08126069,Pfedelbach,9427,9427,9359,294,320,377,610,302,589,1609,2757,929,701,942
08126072,Schöntal,5568,5568,5617,166,175,189,293,162,326,961,1655,611,461,570
08126085,"Waldenburg, Stadt",2970,2970,3072,78,79,110,175,93,280,538,836,283,218,280
08126086,Weißbach,2018,2018,2027,57,62,94,105,53,137,372,567,211,158,196
08126094,Zweiflingen,1785,1785,1757,63,55,85,121,39,127,284,550,172,145,146
08127008,Blaufelden,5323,5323,5397,174,194,211,328,192,380,949,1435,555,433,469
08127009,Braunsbach,2444,2444,2555,87,81,83,145,61,143,449,676,304,194,226
08127012,Bühlertann,3066,3066,3076,78,94,121,172,90,199,590,904,307,243,274
08127013,Bühlerzell,2050,2050,2101,67,53,72,112,73,138,312,614,215,158,229
08127014,"Crailsheim, Stadt",34395,34395,35426,1097,1065,1286,1928,1012,2203,7064,9320,3339,2835,3250
08127023,Fichtenberg,2824,2824,2933,71,84,101,168,93,175,458,831,335,250,265
08127025,"Gaildorf, Stadt",12071,12071,12351,366,402,465,673,395,830,2158,3358,1265,992,1166
08127032,"Gerabronn, Stadt",4463,4463,4512,148,157,159,227,126,277,868,1194,479,387,438
08127043,"Ilshofen, Stadt",6909,6909,7082,264,271,295,413,200,495,1448,1928,591,467,532
08127046,"Kirchberg an der Jagst, Stadt",4198,4198,4496,138,121,158,238,151,283,840,1099,423,381,366
08127047,"Langenburg, Stadt",1845,1845,1957,53,70,63,90,43,106,347,503,191,142,232
08127052,Mainhardt,5963,5963,6168,159,198,243,365,195,362,1027,1751,603,523,537
08127056,Michelbach an der Bilz,3374,3374,3594,91,89,112,198,105,171,605,913,378,298,408
08127059,Michelfeld,3750,3750,3859,119,108,169,225,114,198,646,1075,412,368,325
08127062,Oberrot,3451,3451,3601,85,97,110,194,116,215,609,957,415,346,317
08127063,Obersontheim,5340,5340,5512,202,159,218,306,144,347,1113,1491,594,382,380
08127071,Rot am See,5434,5434,5567,190,190,248,304,185,330,986,1490,543,455,506
08127073,Satteldorf,5564,5564,5718,151,176,282,316,173,361,1068,1523,566,497,448
08127075,"Schrozberg, Stadt",5719,5719,5866,172,189,195,330,172,357,1052,1555,578,517,596
08127076,"Schwäbisch Hall, Stadt",41247,41247,41685,1276,1290,1695,2403,1225,2633,8520,11048,3777,3419,3954
08127079,Sulzbach-Laufen,2528,2528,2523,58,69,107,150,96,189,408,730,258,213,248
08127086,Untermünkheim,3018,3018,3112,117,98,134,166,77,178,578,824,321,281,246
08127089,"Vellberg, Stadt",4596,4596,4620,124,139,208,254,148,270,848,1266,484,450,406
08127091,Wallhausen,3679,3679,3796,103,118,166,213,116,261,745,1057,390,279,231
08127099,Wolpertshausen,2292,2292,2404,85,86,89,134,96,188,498,667,196,131,119
08127100,Rosengarten,5238,5238,5291,161,164,223,297,146,330,901,1513,571,450,473
08127101,Kreßberg,3971,3971,4009,119,142,170,244,108,234,757,1126,390,358,316
08127102,Fichtenau,4619,4619,4613,116,139,166,293,152,324,844,1336,455,385,406
08127103,Frankenhardt,4892,4892,4961,166,145,202,311,152,301,844,1372,538,421,439
08127104,Stimpfach,3033,3033,3112,104,80,112,166,95,151,610,835,320,299,266
08128006,Assamstadt,2237,2237,2274,66,73,123,137,70,135,425,603,241,164,195
08128007,"Bad Mergentheim, Stadt",23971,23971,24510,719,740,844,1273,688,1471,4419,6340,2318,2280,2890
08128014,"Boxberg, Stadt",6659,6659,6721,185,185,227,342,193,410,1154,1888,726,681,668
08128020,"Creglingen, Stadt",4504,4504,4604,101,123,146,259,152,298,679,1301,496,437,514
08128039,"Freudenberg, Stadt",3697,3697,3721,96,108,134,200,101,203,545,1043,399,393,465
08128045,Großrinderfeld,4048,4048,4096,129,122,144,250,98,202,693,1191,463,414,339
08128047,"Grünsfeld, Stadt",3639,3639,3719,95,94,129,203,99,231,593,1101,423,311,352
08128058,Igersheim,5452,5452,5602,152,157,171,278,157,322,934,1525,568,555,627
08128061,Königheim,3003,3003,3021,92,82,104,176,102,129,483,850,338,283,367
08128064,"Külsheim, Stadt",5218,5218,5276,146,158,172,285,151,305,803,1487,594,549,562
08128082,"Niederstetten, Stadt",4857,4857,4934,148,122,181,259,155,313,853,1333,537,453,503
08128115,"Tauberbischofsheim, Stadt",13201,13201,13357,350,360,458,667,389,841,2371,3605,1324,1244,1588
08128126,"Weikersheim, Stadt",7560,7560,7601,227,211,275,400,231,467,1342,2062,781,669,887
08128128,Werbach,3203,3203,3271,85,109,114,151,94,148,536,886,426,310,342
08128131,"Wertheim, Stadt",22799,22799,23160,573,643,798,1300,646,1412,3987,6128,2564,2163,2586
08128137,Wittighausen,1687,1687,1682,54,60,65,82,49,101,290,473,185,148,172
08128138,Ahorn,2202,2202,2239,62,68,92,107,63,117,383,658,230,205,218
08128139,"Lauda-Königshofen, Stadt",14278,14278,14568,386,403,498,755,418,869,2378,3898,1604,1437,1629
08135010,Dischingen,4332,4332,4398,134,121,171,254,131,262,739,1180,461,421,464
08135015,Gerstetten,11621,11621,11829,310,317,438,689,384,718,1933,3346,1219,1012,1255
08135016,"Giengen an der Brenz, Stadt",19433,19433,19899,572,579,753,1126,626,1146,3550,5321,1898,1647,2211
08135019,"Heidenheim an der Brenz, Stadt",49964,49964,49544,1422,1433,1952,2897,1514,3320,9624,13470,4649,3981,5710
08135020,"Herbrechtingen, Stadt",13192,13192,13245,341,392,481,766,409,821,2360,3701,1376,1079,1467
08135021,Hermaringen,2281,2281,2277,62,68,83,120,65,143,357,651,236,186,305
08135025,Königsbronn,7032,7032,7074,180,200,249,364,183,382,1178,1933,721,665,972
08135026,Nattheim,6363,6363,6317,192,176,246,323,164,377,1180,1737,641,552,777
08135027,"Niederstotzingen, Stadt",4742,4742,4808,142,143,218,249,141,243,867,1316,528,426,472
08135031,Sontheim an der Brenz,5744,5744,5836,189,182,202,331,167,395,1038,1582,561,497,594
08135032,Steinheim am Albuch,8722,8722,8808,280,278,339,462,265,500,1552,2301,886,816,1042
08136002,Abtsgmünd,7351,7351,7552,208,226,262,433,214,423,1341,2166,798,575,702
08136003,Adelmannsfelden,1701,1701,1723,36,35,52,79,57,127,282,520,220,136,157
08136007,Bartholomä,2090,2090,2111,62,64,64,125,54,125,348,625,220,216,186
08136009,Böbingen an der Rems,4640,4640,4704,176,144,189,265,137,328,826,1326,412,377,461
08136010,"Bopfingen, Stadt",11670,11670,11840,341,349,429,687,423,796,2013,3175,1237,1085,1135
08136015,Durlangen,2755,2755,2807,81,70,105,162,92,167,457,782,311,270,259
08136018,Ellenberg,1754,1754,1787,66,60,79,79,43,122,339,499,202,135,124
08136019,"Ellwangen (Jagst), Stadt",24614,24614,25220,726,766,914,1486,778,1766,4583,6600,2490,2058,2451
08136020,Eschach,1832,1832,1889,67,63,89,116,56,104,347,506,194,145,142
08136021,Essingen,6386,6386,6441,157,188,236,390,174,408,1062,1829,687,601,661
08136024,Göggingen,2484,2484,2491,87,81,97,140,76,163,426,749,278,199,185
08136027,Gschwend,4641,4641,4921,103,122,163,262,160,277,753,1328,537,439,499
08136028,"Heubach, Stadt",10026,10026,10058,296,301,404,598,317,641,1758,2689,1067,822,1128
08136029,Heuchlingen,1853,1853,1879,52,61,72,109,60,107,318,551,186,146,188
08136033,Hüttlingen,5983,5983,6161,160,176,237,390,176,399,990,1711,588,469,690
08136034,Iggingen,2497,2497,2587,80,91,106,136,76,155,435,702,265,197,256
08136035,Jagstzell,2306,2306,2339,66,69,82,177,74,154,425,662,229,186,180
08136037,Kirchheim am Ries,1784,1784,1861,48,47,53,115,72,122,312,536,169,155,151
08136038,"Lauchheim, Stadt",4712,4712,4810,123,144,208,251,168,289,841,1394,466,418,411
08136040,Leinzell,2039,2039,2073,50,62,79,115,46,110,360,558,237,213,207
08136042,"Lorch, Stadt",10784,10784,10965,374,323,388,553,283,682,1992,3000,1100,904,1183
08136043,Mögglingen,4288,4288,4367,137,145,159,243,142,268,783,1182,433,345,447
08136044,Mutlangen,6852,6852,6898,231,240,271,441,216,428,1166,1928,698,551,687
08136045,"Neresheim, Stadt",7967,7967,8035,237,245,276,463,228,523,1476,2272,844,693,704
08136046,Neuler,3206,3206,3274,115,97,149,205,114,167,593,916,313,271,261
08136049,Obergröningen,435,435,439,8,5,13,23,16,34,45,154,50,43,42
08136050,"Oberkochen, Stadt",7793,7793,7965,208,209,294,430,221,465,1406,2183,772,667,936
08136060,Rosenberg,2623,2623,2685,67,79,90,144,77,171,478,752,303,230,231
08136061,Ruppertshofen,1833,1833,1888,43,70,94,111,63,125,334,498,215,144,138
08136062,Schechingen,2218,2218,2226,62,59,80,112,68,122,439,624,265,203,183
08136065,"Schwäbisch Gmünd, Stadt",63449,63449,62205,1891,1839,2328,3600,1917,4807,12151,16571,6049,5241,7054
08136066,Spraitbach,3418,3418,3449,109,105,149,193,82,185,582,944,392,295,390
08136068,Stödtlen,1797,1797,1822,43,38,65,118,45,114,294,567,182,166,155
08136070,Täferrot,1035,1035,1042,45,39,41,68,35,70,152,304,100,81,101
08136071,Tannhausen,1801,1801,1850,65,54,72,107,60,121,329,488,163,147,199
08136075,Unterschneidheim,4806,4806,4870,173,167,218,332,161,313,888,1291,448,397,418
08136079,Waldstetten,7056,7056,7253,191,206,249,408,203,430,1173,2009,691,644,857
08136082,Westhausen,6098,6098,6168,166,204,293,326,191,375,1077,1846,510,481,631
08136084,Wört,1472,1472,1513,41,40,62,78,39,106,311,400,153,130,112
08136087,Riesbürg,2217,2217,2280,63,54,77,120,73,163,380,609,242,214,221
08136088,"Aalen, Stadt",67139,67139,68687,1964,1946,2429,3546,1988,4730,12918,18615,6243,5340,7427
08136089,Rainau,3292,3292,3409,102,126,126,193,109,208,631,936,318,271,272
08211000,"Baden-Baden, Stadt",55887,55887,56888,1429,1436,1827,2755,1473,2927,9420,15305,5734,5477,8097
08212000,"Karlsruhe, Stadt",305408,305408,307227,7933,7835,9792,14523,7566,28717,71743,79533,25253,21991,30521
08215007,"Bretten, Stadt",29871,29871,30046,796,765,1125,1663,904,2000,5405,8850,2813,2581,2969
08215009,"Bruchsal, Stadt",46780,46780,46206,1364,1308,1763,2630,1385,2949,9505,13247,4334,3695,4599
08215017,"Ettlingen, Stadt",38461,38461,39647,1000,1009,1307,1953,964,1866,6469,10537,4029,3736,5597
08215021,Forst,8029,8029,8126,228,228,319,457,250,441,1387,2366,805,737,818
08215025,Gondelsheim,4103,4103,4136,154,142,204,246,123,237,830,1161,390,313,307
08215029,Hambrücken,5571,5571,5624,140,153,198,315,156,347,1043,1618,624,473,508
08215039,Kronau,5960,5960,5976,197,189,233,299,154,348,1139,1694,654,535,521
08215040,Kürnbach,2346,2346,2368,56,78,114,139,57,126,393,665,255,199,266
08215046,Malsch,14884,14884,14881,396,401,531,840,421,874,2595,4430,1569,1283,1540
08215047,Marxzell,5047,5047,4960,150,132,173,243,125,258,841,1426,621,481,596
08215059,Oberderdingen,11358,11358,11647,368,402,515,642,409,732,2104,3237,1042,907,998
08215064,"Östringen, Stadt",13258,13258,13144,372,410,492,724,389,790,2433,3806,1403,1209,1233
08215066,"Philippsburg, Stadt",13558,13558,13860,420,424,559,835,434,845,2591,3868,1241,1115,1219
08215082,Sulzfeld,4951,4951,4999,150,152,182,249,139,296,958,1402,485,381,549
08215084,Ubstadt-Weiher,13154,13154,13318,382,355,494,745,370,808,2396,3808,1465,1095,1235
08215089,Walzbachtal,9900,9900,9928,320,297,441,518,274,533,1780,2831,1046,831,1021
08215090,Weingarten (Baden),10428,10428,10543,314,351,477,659,348,579,1719,3076,939,862,1106
08215094,Zaisenhausen,1832,1832,1868,63,66,74,99,45,94,382,519,190,139,161
08215096,Karlsbad,16181,16181,16141,490,495,603,849,459,868,2784,4483,1784,1533,1823
08215097,"Kraichtal, Stadt",14731,14731,14829,415,417,512,857,449,888,2582,4305,1566,1274,1472
08215099,Graben-Neudorf,12146,12146,12463,377,344,488,663,329,717,2374,3362,1336,1025,1129
08215100,Bad Schönborn,13129,13129,13158,398,341,513,751,395,839,2568,3908,1210,1007,1202
08215101,Pfinztal,18286,18286,18805,524,558,707,1021,533,1062,3193,5255,1814,1588,2026
08215102,Eggenstein-Leopoldshafen,16823,16823,16700,442,467,635,1000,434,954,3004,4764,1635,1511,1976
08215103,Karlsdorf-Neuthard,10691,10691,10920,291,342,426,603,273,618,2011,3173,1047,846,1051
08215105,Linkenheim-Hochstetten,12265,12265,12188,369,349,458,691,355,666,2078,3641,1259,1107,1302
08215106,"Waghäusel, Stadt",21993,21993,21349,624,674,895,1257,610,1221,4207,6302,2166,1908,2141
08215107,Oberhausen-Rheinhausen,9505,9505,9680,259,261,342,469,216,469,1762,2667,1131,922,1003
08215108,"Rheinstetten, Stadt",20820,20820,20524,582,553,740,1086,562,1126,3596,5818,2126,1889,2749
08215109,"Stutensee, Stadt",24980,24980,25250,674,714,1030,1551,747,1606,4390,7079,2500,2212,2468
08215110,Waldbronn,13324,13324,13128,344,391,515,674,321,706,2262,3801,1305,1181,1818
08215111,Dettenheim,6749,6749,6797,199,211,284,352,165,328,1167,1855,796,709,683
08216002,Au am Rhein,3377,3377,3451,97,106,122,188,101,190,579,1002,399,249,347
08216005,Bietigheim,6373,6373,6553,176,194,256,383,165,344,1159,1811,689,564,633
08216006,Bischweier,3009,3009,2979,74,87,105,141,84,184,511,876,322,288,334
08216007,"Bühl, Stadt",28782,28782,29119,771,753,982,1598,860,1583,4835,8133,3096,2753,3417
08216008,Bühlertal,7788,7788,8075,201,200,255,447,217,449,1396,2251,823,719,834
08216009,Durmersheim,11947,11947,12319,324,318,401,623,325,738,2117,3550,1282,1030,1247
08216012,Elchesheim-Illingen,3239,3239,3258,79,80,128,207,95,184,512,943,369,315,325
08216013,Forbach,4497,4497,4664,109,119,138,240,118,250,646,1320,539,435,585
08216015,"Gaggenau, Stadt",29553,29553,30213,816,906,1114,1597,833,1611,4930,8258,2974,2779,3728
08216017,"Gernsbach, Stadt",14167,14167,14326,371,409,484,686,440,781,2368,3943,1553,1341,1793
08216022,Hügelsheim,5052,5052,5204,171,175,216,325,137,367,1044,1413,526,337,344
08216023,Iffezheim,5175,5175,5256,154,179,257,250,114,270,999,1398,563,451,539
08216024,"Kuppenheim, Stadt",8219,8219,8467,209,227,339,502,224,425,1429,2350,800,758,954
08216028,"Lichtenau, Stadt",4940,4940,5018,134,136,179,251,156,293,852,1444,592,428,478
08216029,Loffenau,2520,2520,2589,69,68,79,123,77,159,413,758,262,233,288
08216033,Muggensturm,6100,6100,6232,207,151,212,295,173,312,1107,1719,682,557,682
08216039,Ötigheim,4905,4905,5067,151,128,192,256,123,285,930,1332,528,471,506
08216041,Ottersweier,6356,6356,6500,212,212,221,322,192,363,1080,1824,746,572,614
08216043,"Rastatt, Stadt",50546,50546,51525,1474,1436,1917,2931,1459,3104,10076,13802,5002,4199,5147
08216049,Sinzheim,11380,11380,11458,293,326,410,625,329,667,1886,3390,1253,1036,1166
08216052,Steinmauern,3120,3120,3188,95,119,151,175,92,159,559,950,330,241,248
08216059,Weisenbach,2434,2434,2503,72,78,81,115,66,177,397,698,281,201,270
08216063,Rheinmünster,6592,6592,6969,187,173,236,380,184,389,1095,1957,754,619,612
08221000,"Heidelberg, Stadt",153809,153809,161477,4272,4207,5138,7171,3972,20712,40712,34519,10785,9724,12601
08222000,"Mannheim, Universitätsstadt",313693,313693,314428,8919,8635,10816,15350,8092,27138,73016,83917,25961,21909,29932
08225001,"Adelsheim, Stadt",5058,5058,5256,139,146,169,289,223,474,862,1294,486,411,561
08225002,Aglasterhausen,4836,4836,4852,114,147,166,275,143,325,819,1425,535,426,461
08225009,Billigheim,5975,5975,6049,187,185,234,323,163,378,1122,1727,662,465,524
08225010,Binau,1369,1369,1383,41,41,56,56,36,65,227,415,138,144,150
08225014,"Buchen (Odenwald), Stadt",18021,18021,17908,482,526,673,1036,538,1025,3071,4885,2038,1776,1968
08225024,Fahrenbach,2698,2698,2735,64,84,103,121,78,150,443,773,311,244,326
08225032,Hardheim,6765,6765,6938,172,183,257,406,196,401,1247,1827,744,633,705
08225033,Haßmersheim,4956,4956,5119,139,161,198,249,134,341,894,1482,521,369,463
08225039,Höpfingen,3039,3039,3062,96,107,96,151,94,160,587,825,362,255,307
08225042,Hüffenhardt,2034,2034,2049,46,65,78,98,56,116,340,591,223,194,228
08225052,Limbach,4407,4407,4556,122,128,165,218,117,229,747,1271,516,433,455
08225058,"Mosbach, Stadt",24413,24413,23432,645,665,818,1239,704,1787,4336,6594,2506,2320,2796
08225060,Mudau,4863,4863,4943,150,160,158,253,135,283,827,1352,590,468,489
08225064,Neckargerach,2278,2278,2344,63,57,83,111,63,131,385,667,247,227,242
08225067,Neckarzimmern,1434,1434,1467,46,45,52,72,34,99,282,384,151,142,133
08225068,Neunkirchen,1855,1855,1867,52,53,59,108,54,110,319,510,225,163,203
08225074,Obrigheim,5395,5395,5397,166,161,230,337,167,297,886,1505,537,473,627
08225075,"Osterburken, Stadt",6525,6525,6649,171,202,242,406,226,374,1227,1813,637,546,688
08225082,Rosenberg,2062,2062,2089,63,56,78,92,85,125,339,580,218,199,229
08225091,Seckach,3983,3983,4049,104,129,163,284,149,260,632,1088,433,371,378
08225109,"Walldürn, Stadt",11557,11557,11691,315,319,450,650,360,627,2059,3213,1263,1020,1274
08225113,Zwingenberg,658,658,672,9,9,26,33,31,37,68,206,97,67,78
08225114,"Ravenstein, Stadt",2992,2992,2975,85,99,108,159,96,191,543,887,320,220,285
08225115,Schefflenz,3846,3846,3903,98,124,140,210,110,231,632,1068,437,392,411
08225116,Schwarzach,2924,2924,3023,78,71,88,147,73,147,453,946,384,287,256
08225117,Elztal,5836,5836,5880,175,147,180,322,171,378,979,1665,671,524,624
08225118,Waldbrunn,4691,4691,4765,123,130,156,243,140,264,733,1305,564,500,531
08226003,Altlußheim,6247,6247,6309,222,216,277,306,159,309,1170,1866,615,522,582
08226006,Bammental,6504,6504,6712,166,212,278,411,216,333,985,1776,675,609,840
08226009,Brühl,14279,14279,14211,395,393,497,720,366,711,2353,3917,1528,1474,1933
08226010,Dielheim,9151,9151,9192,262,284,375,470,271,555,1541,2744,928,831,890
08226012,Dossenheim,12641,12641,12554,378,367,451,684,344,1167,2762,3291,1036,935,1232
08226013,"Eberbach, Stadt",14607,14607,14517,365,405,517,776,411,836,2307,4050,1602,1446,1889
08226017,Epfenbach,2400,2400,2408,68,71,74,134,83,128,385,713,268,245,236
08226018,"Eppelheim, Stadt",15590,15590,15435,437,439,540,871,431,1394,3494,4057,1304,1142,1485
08226020,Eschelbronn,2694,2694,2730,85,94,107,147,84,169,525,741,261,248,236
08226022,Gaiberg,2335,2335,2412,58,74,82,150,77,104,351,681,257,217,284
08226027,Heddesbach,487,487,475,11,14,20,24,10,35,85,144,58,43,52
08226028,Heddesheim,12127,12127,11950,340,387,464,654,325,590,2186,3455,1210,1114,1409
08226029,Heiligkreuzsteinach,2646,2646,2663,67,64,85,151,71,137,400,756,309,250,352
08226031,"Hemsbach, Stadt",11986,11986,11893,317,320,408,621,334,649,2116,3322,1219,1076,1610
08226032,"Hockenheim, Stadt",21634,21634,21837,639,690,809,1194,620,1325,4051,6294,2139,1776,2094
08226036,Ilvesheim,9253,9253,9352,233,263,375,621,293,489,1451,2839,883,753,1048
08226037,Ketsch,13120,13120,13083,394,409,505,632,336,743,2283,3665,1268,1147,1741
08226038,"Ladenburg, Stadt",12371,12371,12279,376,357,493,685,285,564,2097,3359,1242,1221,1683
08226040,Laudenbach,6484,6484,6490,192,199,264,405,198,349,1021,1927,637,563,721
08226041,"Leimen, Stadt",26852,26852,27195,823,773,1035,1509,795,1792,5432,7240,2655,2219,2575
08226046,Malsch,3409,3409,3490,90,90,113,200,110,164,514,1064,415,308,339
08226048,Mauer,4142,4142,4162,127,148,173,266,139,223,648,1248,424,336,411
08226049,Meckesheim,5303,5303,5273,159,169,208,273,149,307,962,1446,550,497,588
08226054,Mühlhausen,8702,8702,8762,243,276,307,501,257,569,1529,2593,929,705,788
08226055,"Neckarbischofsheim, Stadt",4128,4128,4197,120,145,165,253,114,221,796,1123,467,333,385
08226056,"Neckargemünd, Stadt",13201,13201,13506,309,339,499,759,368,762,2101,3553,1428,1342,1747
08226058,Neidenstein,1790,1790,1773,38,41,60,100,65,108,280,550,204,171,172
08226059,Neulußheim,7143,7143,7163,230,228,286,336,176,387,1363,2163,767,532,667
08226060,Nußloch,11321,11321,11357,338,369,491,599,303,623,2176,3182,1104,1035,1099
08226062,Oftersheim,12241,12241,12219,301,357,515,787,375,640,2091,3720,1160,995,1297
08226063,Plankstadt,10374,10374,10436,269,316,428,658,298,535,1785,2982,999,867,1239
08226065,"Rauenberg, Stadt",8724,8724,8699,242,286,355,566,242,458,1561,2728,846,660,772
08226066,Reichartshausen,2123,2123,2108,72,71,77,126,70,148,350,609,254,163,182
08226068,Reilingen,8179,8179,8127,269,266,324,451,235,438,1497,2408,808,685,798
08226076,Sandhausen,15350,15350,15424,432,427,611,829,407,881,2869,4348,1457,1364,1723
08226080,"Schönau, Stadt",4412,4412,4450,86,133,158,254,125,242,701,1259,512,437,508
08226081,Schönbrunn,2888,2888,2881,92,86,103,146,91,148,473,852,315,282,294
08226082,"Schriesheim, Stadt",14994,14994,14956,385,440,536,851,452,870,2594,4230,1479,1453,1701
08226084,"Schwetzingen, Stadt",21732,21732,21816,646,590,741,1038,559,1262,4433,6112,2222,1838,2294
08226085,"Sinsheim, Stadt",36517,36517,36323,1102,1088,1379,2094,1147,2370,6783,10174,3712,3120,3549
08226086,Spechbach,1689,1689,1691,33,39,69,99,60,99,264,507,189,153,176
08226091,"Waibstadt, Stadt",5764,5764,5731,185,157,223,335,170,379,1065,1590,594,498,576
08226095,"Walldorf, Stadt",15987,15987,15890,428,464,695,1073,526,891,2819,4787,1380,1213,1714
08226096,"Weinheim, Stadt",45823,45823,45480,1186,1322,1786,2631,1249,2437,7656,13337,4478,3766,5983
08226097,Wiesenbach,3184,3184,3142,77,103,142,165,96,193,508,935,303,270,396
08226098,"Wiesloch, Stadt",27095,27095,26800,734,786,1053,1575,766,1597,4980,7906,2692,2148,2859
08226099,Wilhelmsfeld,3211,3211,3181,86,110,129,168,77,150,511,889,391,286,408
08226101,Zuzenhausen,2267,2267,2275,69,59,104,156,70,125,356,713,208,184,219
08226102,Angelbachtal,5183,5183,5165,139,183,222,299,154,255,845,1611,523,422,535
08226103,St. Leon-Rot,13996,13996,13957,441,464,585,845,457,812,2486,4123,1492,1060,1233
08226104,Lobbach,2394,2394,2355,52,67,67,134,98,144,351,698,295,259,227
08226105,Edingen-Neckarhausen,14365,14365,14149,425,459,578,803,418,850,2516,3933,1319,1257,1801
08226106,Helmstadt-Bargen,3840,3840,3891,107,126,170,209,104,230,724,1036,465,325,342
08226107,Hirschberg an der Bergstraße,9642,9642,9826,250,301,409,532,260,494,1478,2831,879,827,1372
08231000,"Pforzheim, Stadt",133110,133110,127052,4391,4366,5382,7813,4126,9628,27602,34630,11572,9943,13662
08235006,"Altensteig, Stadt",10846,10846,10932,357,357,468,697,362,747,1938,3053,1004,796,1068
08235007,Althengstett,7732,7732,7960,220,241,291,493,233,479,1295,2176,840,729,739
08235008,"Bad Liebenzell, Stadt",9195,9195,9693,259,247,327,511,239,634,1563,2480,1039,875,1021
08235018,Dobel,2318,2318,2446,52,52,64,104,60,130,362,633,276,283,299
08235020,Ebhausen,4782,4782,4831,134,139,178,294,175,330,856,1411,529,325,412
08235022,Egenhausen,1992,1992,2056,58,83,84,127,76,145,333,597,172,138,183
08235025,Enzklösterle,1304,1304,1412,25,30,55,66,38,77,216,368,146,121,168
08235029,Gechingen,3605,3605,3700,120,113,126,204,106,233,611,993,407,276,416
08235032,"Haiterbach, Stadt",5959,5959,6066,184,180,244,358,190,406,1133,1688,540,469,573
08235033,"Bad Herrenalb, Stadt",7558,7558,8226,187,210,248,339,152,345,1272,2123,929,797,946
08235035,Höfen an der Enz,1622,1622,1717,41,55,70,82,47,102,309,424,177,140,178
08235046,"Nagold, Stadt",23221,23221,22836,714,643,829,1381,661,1431,4365,6410,2315,2003,2470
08235047,"Neubulach, Stadt",5730,5730,5824,186,201,310,392,190,355,1025,1518,557,459,535
08235050,Neuweiler,3120,3120,3203,110,91,119,172,81,215,548,887,353,230,311
08235055,Oberreichenbach,2908,2908,2952,78,93,118,144,88,186,501,854,344,250,248
08235057,Ostelsheim,2475,2475,2566,91,81,96,127,80,161,469,734,249,142,238
08235060,Rohrdorf,1936,1936,1991,52,66,67,104,73,120,317,552,199,162,214
08235065,Schömberg,7730,7730,8223,238,235,312,430,227,424,1462,2072,831,692,811
08235066,Simmersfeld,2220,2220,2251,70,76,91,137,92,148,450,628,203,166,159
08235067,Simmozheim,2809,2809,2892,92,91,124,169,87,156,499,790,313,257,231
08235073,Unterreichenbach,2370,2370,2452,77,79,87,141,62,137,412,719,237,196,227
08235079,"Bad Wildbad, Stadt",10350,10350,10530,302,306,403,578,298,544,1809,2860,1113,923,1215
08235080,"Wildberg, Stadt",9998,9998,10391,320,329,404,535,287,537,1833,2811,1047,889,1005
08235084,"Bad Teinach-Zavelstein, Stadt",3103,3103,3203,96,85,93,166,95,218,539,880,367,259,305
08235085,"Calw, Stadt",24538,24538,24095,768,705,928,1410,788,1722,4441,6899,2317,1972,2594
08236004,Birkenfeld,10178,10178,10172,298,335,343,529,302,640,1708,2760,1104,912,1247
08236011,Eisingen,4590,4590,4799,143,159,168,264,151,288,790,1244,446,400,532
08236013,Engelsbrand,4416,4416,4510,121,134,190,219,112,263,663,1224,469,430,588
08236019,Friolzheim,3966,3966,4227,120,131,193,262,98,223,724,1144,333,349,381
08236025,"Heimsheim, Stadt",5420,5420,5536,198,191,203,299,131,324,1191,1450,502,420,508
08236028,Illingen,7661,7661,7855,222,214,277,446,245,489,1288,2189,769,674,850
08236030,Ispringen,5810,5810,6002,162,144,246,287,151,358,1041,1570,612,472,764
08236031,Kieselbronn,2943,2943,3036,89,96,119,163,84,169,476,848,281,264,360
08236033,"Knittlingen, Stadt",7962,7962,8137,226,226,275,460,242,483,1413,2356,809,650,816
08236038,"Maulbronn, Stadt",6387,6387,6605,153,204,240,387,230,416,1031,1834,635,493,766
08236039,Mönsheim,2929,2929,3001,91,99,127,183,101,173,592,813,268,216,271
08236040,"Mühlacker, Stadt",26420,26420,26282,804,918,1032,1580,816,1707,4688,7576,2601,1963,2736
08236043,"Neuenbürg, Stadt",8134,8134,8477,273,239,295,466,248,480,1484,2243,874,625,906
08236044,Neuhausen,5143,5143,5304,156,163,157,262,136,276,869,1494,584,484,567
08236046,Niefern-Öschelbronn,12352,12352,12543,412,442,495,682,361,823,2280,3308,1218,957,1371
08236050,Ötisheim,4586,4586,4711,137,148,152,255,138,235,778,1325,482,382,550
08236061,Sternenfels,2810,2810,2813,63,85,101,189,71,155,428,816,325,256,322
08236062,Tiefenbronn,5290,5290,5400,183,192,205,255,141,276,938,1449,599,479,574
08236065,Wiernsheim,6721,6721,6816,219,223,279,392,200,401,1188,1944,704,589,589
08236067,Wimsheim,2787,2787,2874,96,96,124,176,78,145,522,814,288,233,214
08236068,Wurmberg,3218,3218,3266,149,137,144,255,126,218,541,818,310,204,319
08236070,Keltern,8736,8736,9100,229,255,309,452,230,483,1357,2533,951,796,1141
08236071,Remchingen,11832,11832,11993,334,359,468,703,353,716,2055,3349,1152,1047,1295
08236072,Straubenhardt,11279,11279,11479,346,364,413,670,308,637,1861,3246,1254,982,1191
08236073,Neulingen,6571,6571,6731,198,205,277,370,198,367,1083,1883,727,554,708
08236074,Kämpfelbach,6221,6221,6444,176,175,207,351,150,372,1168,1671,715,518,716
08236075,Ölbronn-Dürrn,3444,3444,3492,94,107,156,192,94,197,592,989,395,281,348
08236076,Königsbach-Stein,10093,10093,10289,292,295,385,555,275,687,1725,2934,985,848,1111
08237002,"Alpirsbach, Stadt",6180,6180,6204,135,155,222,342,180,369,1050,1754,707,562,704
08237004,Baiersbronn,15269,15269,14865,388,424,514,771,442,1121,2725,4243,1629,1299,1714
08237019,"Dornstetten, Stadt",8119,8119,8235,250,258,318,493,247,516,1501,2274,794,684,780
08237024,Empfingen,4173,4173,4264,143,146,154,219,110,245,855,1200,405,306,396
08237027,Eutingen im Gäu,6024,6024,5976,167,197,241,348,193,413,1136,1796,572,454,502
08237028,"Freudenstadt, Stadt",24034,24034,24083,624,695,916,1447,765,1454,4440,6490,2346,2088,2765
08237030,Glatten,2521,2521,2480,79,84,95,155,74,170,456,719,254,206,229
08237032,Grömbach,629,629,617,22,11,22,32,26,43,102,200,53,64,51
08237040,"Horb am Neckar, Stadt",25424,25424,25513,746,742,914,1452,828,1661,4607,7253,2639,2118,2462
08237045,Loßburg,7684,7684,7760,260,237,346,398,239,421,1383,2092,882,611,819
08237054,Pfalzgrafenweiler,7203,7203,7188,215,217,268,440,284,495,1341,1988,697,540,719
08237061,Schopfloch,2584,2584,2565,78,78,100,189,87,144,440,771,267,223,219
08237072,Wörnersberg,213,213,202,3,–,6,18,20,28,24,62,26,12,11
08237073,Seewald,2134,2134,2150,58,69,82,121,67,127,368,588,247,168,246
08237074,Waldachtal,6163,6163,6212,191,181,249,338,176,370,1151,1746,671,563,527
08237075,Bad Rippoldsau-Schapbach,2047,2047,2068,60,46,64,125,72,117,281,593,236,197,250
08311000,"Freiburg im Breisgau, Stadt",233040,233040,234442,6953,6759,8205,11924,6312,24789,58625,55821,18171,15372,20112
08315003,Au,1496,1496,1503,43,47,69,119,61,88,198,460,138,128,146
08315004,Auggen,2843,2843,2827,78,97,127,176,79,168,499,827,239,257,297
08315006,"Bad Krozingen, Stadt",22044,22044,21973,716,652,833,1181,559,1238,4177,6102,2104,1845,2650
08315007,Badenweiler,4604,4604,4585,112,107,139,192,89,237,767,1180,511,498,769
08315008,Ballrechten-Dottingen,2412,2412,2424,89,83,92,148,58,143,416,741,240,213,194
08315013,Bötzingen,5448,5448,5410,169,149,192,318,203,367,999,1553,512,445,544
08315014,Bollschweil,2285,2285,2281,68,77,84,129,61,134,335,653,243,225,270
08315015,"Breisach am Rhein, Stadt",15886,15886,15718,497,502,608,1004,529,1010,2674,4356,1618,1487,1597
08315016,Breitnau,1858,1858,1760,53,64,83,137,102,115,272,523,165,161,183
08315020,Buchenbach,3189,3189,3136,99,108,140,189,108,220,565,890,298,229,345
08315022,Buggingen,4406,4406,4465,139,148,206,289,126,237,822,1231,446,350,414
08315028,Ebringen,2812,2812,2942,87,83,128,153,82,149,521,803,300,236,273
08315030,Eichstetten am Kaiserstuhl,3689,3689,3691,138,140,175,266,94,217,686,1024,371,316,261
08315031,Eisenbach (Hochschwarzwald),2150,2150,2187,67,75,74,114,66,124,371,593,219,179,267
08315033,Eschbach,2456,2456,2540,81,88,110,161,65,138,487,734,252,189,150
08315037,Feldberg (Schwarzwald),1903,1903,1886,46,39,50,103,45,122,332,595,216,175,185
08315039,Friedenweiler,2009,2009,2036,42,63,63,104,82,109,324,572,217,208,230
08315041,Glottertal,3253,3253,3301,100,100,128,182,120,198,585,970,320,255,294
08315043,Gottenheim,2955,2955,2984,84,93,111,180,84,178,654,825,290,208,249
08315047,Gundelfingen,12030,12030,11953,370,354,440,635,318,652,2190,3299,1127,1103,1529
08315048,Hartheim am Rhein,5047,5047,4942,177,172,191,283,149,342,989,1525,471,402,347
08315050,"Heitersheim, Stadt",6441,6441,6504,218,194,259,362,191,456,1200,1741,642,537,641
08315051,Heuweiler,1132,1132,1146,28,33,52,78,32,56,194,331,108,122,99
08315052,Hinterzarten,2497,2497,2695,65,81,78,118,71,155,433,676,256,246,323
08315056,Horben,1201,1201,1199,48,44,66,86,43,57,184,358,109,91,109
08315059,Ihringen,6212,6212,6264,192,202,234,315,190,374,1118,1717,642,573,645
08315064,Kirchzarten,9978,9978,10085,270,298,401,576,312,569,1543,2705,973,886,1455
08315068,Lenzkirch,5098,5098,5094,143,136,183,283,161,304,798,1409,589,486,609
08315070,"Löffingen, Stadt",7675,7675,7733,219,223,260,457,255,518,1340,2170,772,706,762
08315072,Merdingen,2584,2584,2584,63,66,90,142,74,177,439,780,262,238,249
08315073,Merzhausen,5215,5215,5264,145,145,197,295,127,267,900,1408,468,476,792
08315074,"Müllheim, Stadt",19638,19638,19367,616,558,765,1163,603,1129,3469,5273,1944,1700,2421
08315076,"Neuenburg am Rhein, Stadt",12636,12636,12459,396,375,497,748,419,784,2307,3613,1276,1081,1135
08315084,Oberried,2849,2849,2895,68,80,99,174,95,194,453,862,286,230,304
08315089,Pfaffenweiler,2631,2631,2629,81,94,76,163,84,147,455,711,251,252,318
08315094,St. Märgen,1958,1958,1907,65,63,79,145,82,127,328,546,181,159,182
08315095,St. Peter,2672,2672,2700,101,97,109,172,71,142,447,763,268,214,285
08315098,Schallstadt,6396,6396,6437,228,215,268,396,174,347,1167,1797,588,553,668
08315102,Schluchsee,2562,2562,2537,69,70,82,108,62,124,429,679,308,311,322
08315107,Sölden,1284,1284,1293,34,34,51,84,35,74,189,356,164,132,134
08315108,"Staufen im Breisgau, Stadt",8322,8322,8406,197,205,307,478,240,415,1088,2218,916,946,1315
08315109,Stegen,4332,4332,4561,119,130,181,269,135,249,730,1163,447,373,535
08315111,"Sulzburg, Stadt",2725,2725,2779,60,77,94,193,80,145,409,764,296,279,325
08315113,"Titisee-Neustadt, Stadt",12761,12761,12316,347,388,503,794,374,808,2365,3352,1265,1110,1450
08315115,Umkirch,5662,5662,5880,176,176,267,306,124,316,1060,1487,516,537,696
08315125,Wittnau,1480,1480,1520,31,42,67,105,47,78,207,407,175,143,175
08315130,Münstertal/Schwarzwald,5098,5098,5140,152,138,170,278,153,324,887,1401,546,447,594
08315131,Ehrenkirchen,7665,7665,7696,222,257,267,427,225,524,1354,2218,798,560,816
08315132,March,9223,9223,9334,288,329,364,534,219,437,1824,2438,976,819,997
08315133,"Vogtsburg im Kaiserstuhl, Stadt",6235,6235,6225,191,202,222,312,153,351,1137,1813,638,575,635
08316002,Bahlingen am Kaiserstuhl,4373,4373,4473,164,144,187,247,127,272,840,1187,428,394,376
08316003,Biederbach,1722,1722,1704,51,45,83,119,67,105,265,532,174,125,155
08316009,Denzlingen,13579,13579,13848,370,419,542,744,413,723,2415,3701,1331,1234,1686
08316010,"Elzach, Stadt",7368,7368,7410,221,215,236,369,236,484,1292,2126,780,625,782
08316011,"Emmendingen, Stadt",29137,29137,28772,887,886,1203,1735,934,1724,5311,7990,2896,2427,3143
08316012,"Endingen am Kaiserstuhl, Stadt",10022,10022,10431,309,319,412,527,297,557,1840,2768,1026,922,1048
08316013,Forchheim,1407,1407,1455,51,35,61,88,41,103,258,410,151,104,102
08316014,Gutach im Breisgau,4579,4579,4706,137,144,195,282,156,294,867,1270,460,387,385
08316017,"Herbolzheim, Stadt",10813,10813,11318,322,366,425,679,339,713,1975,2963,1118,866,1056
08316020,"Kenzingen, Stadt",10513,10513,10835,336,338,410,638,336,613,1979,2868,1054,953,992
08316024,Malterdingen,3265,3265,3322,84,107,129,193,94,203,589,966,351,296,254
08316036,Reute,2835,2835,2845,82,81,92,138,63,186,473,844,315,289,265
08316037,Riegel am Kaiserstuhl,3979,3979,4113,155,136,145,216,119,226,757,1194,378,332,321
08316038,Sasbach am Kaiserstuhl,3414,3414,3447,76,98,98,198,96,210,546,1046,388,321,330
08316039,Sexau,3432,3432,3580,107,133,154,188,100,186,572,938,385,312,363
08316042,Simonswald,2943,2943,3091,87,95,112,159,84,161,514,868,303,274,282
08316043,Teningen,11796,11796,12228,308,331,408,646,349,679,1941,3386,1202,1107,1446
08316045,Vörstetten,3153,3153,3145,90,101,131,204,106,152,467,963,305,301,330
08316049,Weisweil,2157,2157,2214,59,85,95,115,64,127,399,619,260,158,180
08316051,Wyhl am Kaiserstuhl,3978,3978,3968,128,132,181,208,98,203,786,1109,445,321,368
08316053,Rheinhausen,4115,4115,4185,133,120,149,253,148,220,847,1166,382,303,397
08316054,Freiamt,4199,4199,4237,122,114,148,242,120,278,698,1211,487,383,397
08316055,Winden im Elztal,2828,2828,2845,99,100,116,134,85,165,505,789,339,259,239
08316056,"Waldkirch, Stadt",21243,21243,22043,638,612,821,1163,623,1271,3647,5835,2161,1844,2629
08317001,"Achern, Stadt",25696,25696,26180,748,735,945,1412,740,1517,4772,7191,2608,2325,2709
08317005,Appenweier,10274,10274,10224,328,328,369,552,283,603,1926,2830,1064,935,1059
08317008,Bad Peterstal-Griesbach,2594,2594,2790,86,80,90,173,76,136,439,709,271,247,295
08317009,Berghaupten,2460,2460,2460,80,77,82,143,62,153,435,699,267,209,252
08317011,Biberach,3716,3716,3731,144,124,156,209,93,228,696,984,393,337,352
08317021,Durbach,4048,4048,4060,127,104,189,182,122,221,657,1121,428,414,483
08317026,"Ettenheim, Stadt",13424,13424,13809,409,429,536,791,383,736,2409,3790,1441,1113,1388
08317029,Fischerbach,1706,1706,1762,53,60,74,116,60,101,314,479,173,109,167
08317031,Friesenheim,13509,13509,13680,410,427,520,799,393,856,2632,3643,1390,1103,1336
08317034,"Gengenbach, Stadt",11056,11056,10956,298,312,368,529,308,613,1920,2937,1138,1119,1514
08317039,Gutach (Schwarzwaldbahn),2282,2282,2327,69,71,102,118,65,112,363,654,241,211,276
08317040,"Haslach im Kinzigtal, Stadt",7156,7156,7185,211,208,247,347,201,423,1282,2002,765,614,860
08317041,"Hausach, Stadt",5807,5807,5783,152,140,225,362,176,343,954,1641,662,535,618
08317046,Hofstetten,1786,1786,1798,54,64,75,128,62,130,316,474,165,151,166
08317047,Hohberg,8128,8128,8350,247,244,285,459,241,470,1478,2324,827,722,831
08317051,"Hornberg, Stadt",4160,4160,4277,118,102,164,252,128,264,706,1129,450,365,477
08317056,Kappelrodeck,6190,6190,6133,178,212,240,375,179,386,1030,1786,663,507,634
08317057,"Kehl, Stadt",38556,38556,37899,1160,1195,1557,2364,1195,2616,7133,10694,3689,3138,3806
08317059,Kippenheim,5485,5485,5599,164,190,224,347,149,277,999,1546,563,463,560
08317065,"Lahr/Schwarzwald, Stadt",49103,49103,48695,1516,1625,2154,3135,1542,3347,9335,13024,4656,3920,4854
08317067,Lautenbach,1935,1935,1949,65,63,79,85,60,90,350,557,205,173,204
08317068,Lauf,4015,4015,3995,104,115,173,197,123,220,661,1143,460,403,414
08317073,"Mahlberg, Stadt",5191,5191,5346,171,163,222,339,141,258,1001,1517,581,406,388
08317075,Meißenheim,4135,4135,4110,127,117,181,247,113,259,722,1135,449,367,424
08317078,Mühlenbach,1666,1666,1671,45,73,64,103,56,118,310,460,170,122,150
08317085,Nordrach,1823,1823,1936,65,57,69,95,47,117,274,569,185,167,175
08317088,Oberharmersbach,2426,2426,2471,84,64,95,128,74,168,414,696,257,205,242
08317089,"Oberkirch, Stadt",19628,19628,20039,567,638,749,1106,615,1135,3421,5363,2138,1756,2139
08317093,Oberwolfach,2551,2551,2588,80,79,91,148,87,179,397,749,247,202,287
08317096,"Offenburg, Stadt",62220,62220,61293,1835,1796,2319,3258,1749,4187,12921,16184,5939,5194,6839
08317097,Ohlsbach,3296,3296,3345,98,105,133,190,108,189,526,974,353,283,341
08317098,"Oppenau, Stadt",4890,4890,4965,158,179,196,279,161,288,842,1306,485,416,575
08317100,Ortenberg,3424,3424,3417,83,80,128,164,103,201,568,964,365,349,421
08317102,Ottenhöfen im Schwarzwald,3162,3162,3269,98,94,117,173,100,222,546,883,318,266,350
08317110,"Renchen, Stadt",7473,7473,7405,210,234,306,415,238,416,1302,2153,790,644,764
08317113,Ringsheim,2467,2467,2517,88,72,107,174,71,151,452,704,233,195,223
08317114,Rust,4523,4523,4956,117,146,160,268,105,418,1117,1227,350,337,275
08317116,Sasbach,5286,5286,5368,151,149,170,297,150,333,916,1456,564,494,609
08317118,Sasbachwalden,2605,2605,2616,60,72,91,110,76,124,454,752,283,253,330
08317121,Schuttertal,3192,3192,3184,102,94,113,177,109,237,510,929,351,257,311
08317122,Schutterwald,7200,7200,7346,191,191,238,379,226,463,1242,1957,770,670,860
08317126,Seebach,1441,1441,1445,36,43,46,82,38,110,260,427,151,116,131
08317127,Seelbach,4850,4850,4960,117,132,164,290,136,255,761,1331,545,493,624
08317129,Steinach,3934,3934,3927,99,121,143,258,142,247,656,1166,422,302,374
08317141,Willstätt,9837,9837,9984,285,337,382,576,285,602,1732,2798,1099,857,879
08317145,"Wolfach, Stadt",5607,5607,5668,137,147,176,310,175,319,913,1581,609,535,706
08317146,"Zell am Harmersbach, Stadt",8106,8106,8235,194,214,316,470,249,480,1262,2287,836,827,977
08317150,Schwanau,6925,6925,7198,193,217,285,434,206,427,1184,2018,697,582,682
08317151,Neuried,9826,9826,10038,298,314,387,541,316,602,1747,2795,1069,870,884
08317152,Kappel-Grafenhausen,5236,5236,5277,163,147,204,281,137,360,985,1560,538,409,458
08317153,"Rheinau, Stadt",11236,11236,11300,294,304,436,628,305,625,1920,3249,1352,1063,1064
08325001,Aichhalden,4171,4171,4236,129,144,188,246,118,226,699,1148,438,358,473
08325009,Bösingen,3372,3372,3372,129,106,118,187,112,233,592,1000,356,228,314
08325011,Dietingen,4146,4146,4244,141,141,178,278,120,257,710,1198,423,310,391
08325012,"Dornhan, Stadt",6163,6163,6185,211,175,244,310,205,354,1100,1712,654,559,640
08325014,Dunningen,6369,6369,6540,244,220,307,383,182,316,1201,1751,663,534,561
08325015,Epfendorf,3172,3172,3276,95,85,122,196,73,187,545,881,358,270,350
08325024,Hardt,2458,2458,2523,83,76,101,131,85,135,437,692,240,226,252
08325036,Lauterbach,2753,2753,2876,83,76,94,175,80,170,450,779,267,214,367
08325045,"Oberndorf am Neckar, Stadt",14522,14522,14593,443,481,568,932,464,1010,2579,3902,1293,1192,1661
08325049,"Rottweil, Stadt",24668,24668,25266,709,742,946,1521,758,1429,4418,6929,2387,2164,2661
08325050,Schenkenzell,1852,1852,1848,62,60,73,106,54,119,313,510,215,136,204
08325051,"Schiltach, Stadt",3641,3641,3774,89,103,120,187,77,216,611,1025,440,299,473
08325053,"Schramberg, Stadt",20446,20446,21088,599,610,747,1107,622,1184,3729,5523,2092,1768,2466
08325057,"Sulz am Neckar, Stadt",12671,12671,12687,427,438,472,724,369,803,2305,3561,1372,950,1249
08325060,Villingendorf,3349,3349,3414,121,122,145,215,100,178,612,872,346,304,338
08325061,Vöhringen,4307,4307,4501,146,120,162,261,148,306,813,1219,407,309,411
08325064,Wellendingen,3252,3252,3313,112,112,141,196,130,183,594,895,330,261,295
08325069,Zimmern ob Rottweil,6332,6332,6415,181,226,244,324,179,372,1205,1702,664,550,688
08325070,Fluorn-Winzeln,3072,3072,3169,81,89,104,186,107,179,526,911,310,234,347
08325071,Eschbronn,2083,2083,2109,62,47,63,140,77,128,330,623,185,181,250
08325072,Deißlingen,6134,6134,6325,208,186,252,330,200,364,1118,1642,646,550,642
08326003,"Bad Dürrheim, Stadt",12982,12982,13636,344,315,433,660,327,670,2169,3308,1406,1308,2033
08326005,"Blumberg, Stadt",9925,9925,10193,315,322,353,596,340,599,1728,2673,1038,875,1085
08326006,"Bräunlingen, Stadt",5698,5698,5985,217,204,224,326,155,336,1019,1629,618,485,483
08326010,Dauchingen,3765,3765,3888,101,133,157,222,113,188,739,998,362,317,431
08326012,"Donaueschingen, Stadt",21883,21883,22468,643,693,852,1228,632,1357,4207,5934,2229,1944,2161
08326017,"Furtwangen im Schwarzwald, Stadt",8374,8374,8973,243,211,296,426,220,785,1547,2101,897,665,989
08326020,Gütenbach,1069,1069,1141,27,31,46,46,23,64,205,269,152,86,121
08326027,"Hüfingen, Stadt",7872,7872,7998,251,258,327,532,266,428,1456,2260,765,571,746
08326031,Königsfeld im Schwarzwald,5818,5818,6054,163,176,210,285,195,290,912,1502,651,593,839
08326037,Mönchweiler,2803,2803,3016,70,61,107,155,78,165,495,718,308,282,375
08326041,Niedereschach,5839,5839,6081,156,164,234,343,184,340,983,1657,646,516,612
08326052,"St. Georgen im Schwarzwald, Stadt",12265,12265,13047,347,380,467,700,348,692,2042,3386,1254,1073,1576
08326054,Schönwald im Schwarzwald,2483,2483,2613,89,68,93,127,60,139,382,691,278,240,320
08326055,Schonach im Schwarzwald,3854,3854,4009,127,125,130,186,88,205,651,1078,379,372,515
08326060,"Triberg im Schwarzwald, Stadt",4412,4412,4700,161,134,165,265,133,250,756,1174,485,361,532
08326061,Tuningen,2968,2968,3164,121,125,130,201,84,163,561,834,275,215,264
08326065,Unterkirnach,2511,2511,2643,102,97,114,137,62,125,506,646,234,218,268
08326068,"Vöhrenbach, Stadt",3621,3621,3708,97,102,126,188,106,237,611,990,395,285,477
08326074,"Villingen-Schwenningen, Stadt",87478,87478,87571,2621,2632,3358,4985,2581,6134,16990,22674,8293,7277,9923
08326075,Brigachtal,4976,4976,5170,169,159,219,257,143,270,867,1316,553,510,520
08327002,Aldingen,7660,7660,7669,228,262,313,481,244,499,1411,2182,740,585,716
08327004,Bärenthal,489,489,490,23,16,21,25,17,26,83,149,51,34,41
08327005,Balgheim,1286,1286,1288,48,52,62,111,39,65,222,379,110,95,97
08327006,Böttingen,1432,1432,1408,36,29,44,93,52,95,252,438,146,116,130
08327007,Bubsheim,1430,1430,1417,57,50,53,83,55,123,347,383,120,85,71
08327008,Buchheim,731,731,727,32,35,31,44,31,33,151,187,79,67,39
08327009,Deilingen,1848,1848,1893,65,51,61,114,57,115,357,556,174,143,164
08327010,Denkingen,2928,2928,2884,97,101,149,200,99,177,583,769,263,224,269
08327011,Dürbheim,1719,1719,1708,63,54,82,105,54,95,305,507,153,150,144
08327012,Durchhausen,1033,1033,1036,40,41,50,71,39,40,185,294,99,68,104
08327013,Egesheim,650,650,654,30,23,25,29,20,40,127,183,66,41,49
08327016,"Fridingen an der Donau, Stadt",3154,3154,3132,86,84,119,206,92,197,557,896,326,277,319
08327017,Frittlingen,2111,2111,2158,71,67,82,178,71,132,361,601,199,177,175
08327018,"Geisingen, Stadt",6296,6296,6407,195,185,246,356,176,357,1200,1771,664,596,553
08327019,Gosheim,3786,3786,3824,94,118,140,234,135,254,703,1067,405,267,366
08327020,Gunningen,773,773,774,24,30,29,49,14,43,157,224,73,75,52
08327023,Hausen ob Verena,801,801,812,28,37,38,48,25,38,137,237,83,59,78
08327025,Immendingen,6364,6364,6555,229,241,297,400,209,399,1328,1743,530,468,519
08327027,Irndorf,694,694,703,17,9,24,31,21,52,111,190,96,59,73
08327029,Königsheim,595,595,609,21,26,18,34,20,41,116,161,66,38,55
08327030,Kolbingen,1246,1246,1261,41,34,57,71,40,70,202,344,132,109,144
08327033,Mahlstetten,830,830,801,35,23,30,35,17,41,188,194,108,78,91
08327036,"Mühlheim an der Donau, Stadt",3671,3671,3612,103,93,159,210,110,221,575,1028,349,372,459
08327038,Neuhausen ob Eck,3987,3987,3883,144,138,170,231,105,258,754,1145,433,292,314
08327040,Reichenbach am Heuberg,461,461,476,11,15,21,31,20,27,84,138,46,29,37
08327041,Renquishausen,760,760,763,19,34,34,30,20,50,141,215,85,67,61
08327046,"Spaichingen, Stadt",13425,13425,13506,425,402,554,824,419,814,2557,3624,1245,1133,1437
08327048,Talheim,1274,1274,1275,57,46,47,61,44,79,245,365,130,99,104
08327049,"Trossingen, Stadt",17085,17085,17409,698,654,816,1104,570,1205,3420,4184,1500,1315,1617
08327050,"Tuttlingen, Stadt",36665,36665,37345,1150,1178,1480,2287,1186,2497,7233,9872,3264,2693,3831
08327051,Wehingen,3644,3644,3700,100,85,115,215,143,283,648,1018,362,301,376
08327054,Wurmlingen,3908,3908,3853,103,133,157,206,107,207,660,1025,430,339,537
08327055,Seitingen-Oberflacht,2572,2572,2592,71,92,108,162,88,181,482,676,251,192,269
08327056,Rietheim-Weilheim,2873,2873,2874,109,99,110,165,78,170,573,773,297,220,281
08327057,Emmingen-Liptingen,4714,4714,4828,138,135,194,284,154,292,833,1394,518,382,396
08335001,"Aach, Stadt",2285,2285,2356,62,73,86,156,65,125,428,684,260,182,163
08335002,Allensbach,7228,7228,7285,231,190,255,347,169,409,1265,1938,803,638,985
08335015,Büsingen am Hochrhein,1384,1384,1576,32,46,48,69,31,61,179,351,168,164,238
08335021,Eigeltingen,3835,3835,3896,130,127,136,224,114,245,680,1131,449,279,321
08335022,"Engen, Stadt",11029,11029,11191,343,346,419,672,366,689,1932,3118,1047,918,1179
08335025,Gaienhofen,3292,3292,3380,75,76,111,170,86,136,396,897,405,409,529
08335026,Gailingen am Hochrhein,2866,2866,2930,79,82,117,181,95,150,441,839,301,254,324
08335028,Gottmadingen,10708,10708,10843,304,290,433,657,324,674,1820,3011,1045,903,1242
08335035,Hilzingen,8981,8981,8958,297,278,381,507,264,499,1635,2619,902,742,862
08335043,"Konstanz, Universitätsstadt",86437,86437,85518,2224,2181,2702,4073,2199,11099,19418,20463,6838,6000,9238
08335055,Moos,3410,3410,3427,118,95,121,191,101,179,531,1006,371,334,365
08335057,Mühlingen,2676,2676,2727,96,126,117,198,80,170,533,743,273,165,173
08335061,Öhningen,3589,3589,3687,60,104,140,192,108,191,429,1062,431,373,504
08335063,"Radolfzell am Bodensee, Stadt",30742,30742,31835,834,869,1129,1629,818,1617,5397,8493,3183,2850,3929
08335066,Reichenau,5270,5270,5489,124,128,144,268,125,372,931,1591,601,463,516
08335075,"Singen (Hohentwiel), Stadt",46789,46789,49067,1523,1554,1882,2729,1376,3076,8995,12568,4120,3741,5226
08335077,Steißlingen,4957,4957,5033,147,151,213,260,150,287,851,1373,529,370,613
08335079,"Stockach, Stadt",17412,17412,17406,530,555,706,1024,530,1085,3002,4761,1797,1628,1796
08335080,"Tengen, Stadt",4756,4756,4828,150,153,203,277,147,247,828,1387,522,389,455
08335081,Volkertshausen,3252,3252,3203,98,101,150,226,90,163,550,999,332,255,282
08335096,Hohenfels,2220,2220,2114,65,72,104,135,76,136,371,632,232,201,194
08335097,Mühlhausen-Ehingen,3945,3945,3971,105,148,161,256,113,244,700,1122,375,343,371
08335098,Bodman-Ludwigshafen,4742,4742,4825,124,114,146,223,119,256,772,1391,525,486,586
08335099,Orsingen-Nenzingen,3470,3470,3539,95,114,150,224,118,228,597,1076,348,242,283
08335100,Rielasingen-Worblingen,12176,12176,12112,373,371,420,644,364,640,1997,3465,1271,1070,1554
08336004,Aitern,500,500,518,12,9,17,32,17,34,71,155,62,47,52
08336006,Bad Bellingen,4868,4868,5121,167,123,191,223,105,310,979,1279,496,434,569
08336008,Binzen,2993,2993,3007,67,91,120,224,110,168,462,942,277,239,290
08336010,Böllen,99,99,103,7,–,3,4,3,8,23,31,5,7,11
08336014,Efringen-Kirchen,8598,8598,8715,260,284,324,494,231,461,1547,2455,978,725,842
08336019,Eimeldingen,2459,2459,2522,64,80,97,154,84,146,463,732,273,189,174
08336024,Fischingen,769,769,777,11,30,41,44,25,34,108,261,76,56,81
08336025,Fröhnd,480,480,471,8,15,20,32,14,29,72,140,71,42,36
08336034,Hasel,1162,1162,1151,46,41,49,72,32,53,216,323,119,98,112
08336036,Hausen im Wiesental,2311,2311,2330,62,73,96,146,76,146,381,667,229,216,224
08336043,Inzlingen,2595,2595,2551,63,84,106,147,81,118,404,717,291,242,340
08336045,"Kandern, Stadt",8656,8656,8482,245,271,326,549,353,454,1404,2452,945,710,950
08336050,"Lörrach, Stadt",49541,49541,49768,1532,1474,1851,3003,1495,3011,9748,13681,4818,3872,5050
08336057,Maulburg,4287,4287,4288,146,155,175,217,124,229,829,1234,449,352,381
08336069,"Rheinfelden (Baden), Stadt",34438,34438,33353,1045,1133,1435,2084,1034,2002,6429,9549,3379,2664,3686
08336073,Rümmingen,1937,1937,1923,66,83,117,131,59,92,354,582,172,137,143
08336075,Schallbach,839,839,834,26,31,42,63,30,56,135,229,67,96,65
08336078,Schliengen,5830,5830,5929,187,190,230,373,185,369,1052,1671,605,476,499
08336079,"Schönau im Schwarzwald, Stadt",2409,2409,2440,63,81,85,154,79,145,417,644,236,229,272
08336080,Schönenberg,336,336,345,13,12,7,19,11,24,53,97,43,16,46
08336081,"Schopfheim, Stadt",20083,20083,20051,589,604,810,1168,598,1148,3610,5578,2103,1754,2120
08336082,Schwörstadt,2580,2580,2606,82,104,127,135,76,137,526,703,269,200,229
08336084,Steinen,10422,10422,10295,317,364,427,611,309,597,1932,2922,1064,850,1026
08336087,"Todtnau, Stadt",4928,4928,4887,132,136,192,246,126,299,855,1392,530,445,572
08336089,Tunau,185,185,183,7,4,4,15,5,8,26,61,18,18,25
08336090,Utzenfeld,600,600,607,16,11,23,36,25,32,95,169,82,47,69
08336091,"Weil am Rhein, Stadt",31476,31476,30615,969,1002,1219,1964,934,1941,5748,8791,2924,2491,3488
08336094,Wembach,332,332,345,8,11,16,23,15,23,55,87,29,38,27
08336096,Wieden,540,540,520,19,12,28,35,12,29,92,150,61,51,53
08336100,Wittlingen,924,924,950,30,22,45,57,38,67,154,272,128,65,54
08336103,"Zell im Wiesental, Stadt",6206,6206,6282,178,210,291,425,182,337,1155,1726,617,492,588
08336104,Malsburg-Marzell,1471,1471,1481,55,37,68,62,37,76,258,390,185,130,173
08336105,Grenzach-Wyhlen,15260,15260,15065,508,519,664,909,431,808,2697,4326,1465,1211,1718
08336106,Häg-Ehrsberg,830,830,829,20,32,28,48,29,47,128,229,108,77,81
08336107,Kleines Wiesental,3005,3005,2841,86,71,111,167,80,177,468,869,385,305,291
08337002,Albbruck,7305,7305,7503,233,255,297,437,238,448,1360,1968,769,585,717
08337013,Bernau im Schwarzwald,1846,1846,1981,57,46,67,103,51,105,285,503,232,207,196
08337022,"Bonndorf im Schwarzwald, Stadt",6857,6857,7030,200,203,246,386,214,426,1313,1950,669,577,660
08337027,Dachsberg (Südschwarzwald),1365,1365,1457,33,61,70,98,30,61,211,372,165,119,133
08337030,Dettighofen,1076,1076,1173,43,32,52,45,34,47,199,323,106,95,102
08337032,Dogern,2255,2255,2300,49,67,86,120,77,134,341,579,278,244,282
08337038,Görwihl,4235,4235,4234,120,129,163,261,131,266,750,1151,486,384,395
08337039,Grafenhausen,2257,2257,2315,57,66,96,126,62,156,401,639,239,183,231
08337045,Häusern,1327,1327,1314,35,39,42,73,29,76,219,372,160,134,149
08337049,Herrischried,2633,2633,2717,60,68,83,155,79,123,383,715,325,278,363
08337051,Höchenschwand,2572,2572,2767,72,63,73,124,79,131,421,691,280,251,385
08337053,Hohentengen am Hochrhein,3715,3715,3987,117,138,154,203,114,199,664,1065,422,338,300
08337059,Ibach,317,317,339,7,8,5,8,6,13,36,88,49,45,42
08337060,Jestetten,5202,5202,5267,157,144,244,373,158,266,839,1424,512,469,614
08337062,Klettgau,7496,7496,7655,245,251,307,462,248,476,1348,2073,752,620,709
08337065,Lauchringen,8045,8045,8063,260,265,335,490,259,464,1378,2176,801,770,849
08337066,"Laufenburg (Baden), Stadt",9210,9210,9182,323,331,403,607,273,571,1688,2455,923,752,879
08337070,Lottstetten,2226,2226,2376,65,69,104,137,74,126,364,665,216,164,237
08337076,Murg,6813,6813,7002,203,251,278,418,223,393,1220,1872,678,592,683
08337090,Rickenbach,3783,3783,3911,115,157,198,212,139,211,632,1051,391,330,351
08337096,"Bad Säckingen, Stadt",17717,17717,17665,528,519,686,1020,503,1012,3207,4638,1723,1676,2206
08337097,"St. Blasien, Stadt",3664,3664,4045,86,76,143,264,200,237,586,930,394,345,402
08337106,"Stühlingen, Stadt",5339,5339,5479,171,183,234,361,152,290,947,1422,588,483,505
08337108,Todtmoos,1918,1918,1982,46,41,61,121,45,80,316,511,286,229,179
08337116,"Wehr, Stadt",13036,13036,13135,399,440,541,727,339,756,2347,3651,1298,1118,1421
08337118,Weilheim,3105,3105,3133,91,110,114,169,106,161,571,875,361,251,294
08337123,Wutöschingen,6679,6679,6728,194,214,308,448,207,417,1194,1858,626,531,680
08337124,Eggingen,1752,1752,1787,62,57,94,106,62,108,321,486,194,130,118
08337125,Küssaberg,5486,5486,5502,161,177,221,334,140,288,895,1584,565,513,605
08337126,"Waldshut-Tiengen, Stadt",24470,24470,24537,811,830,1051,1511,787,1504,4913,6334,2222,2032,2461
08337127,Wutach,1196,1196,1195,36,44,50,76,50,84,179,334,128,100,112
08337128,Ühlingen-Birkendorf,5203,5203,5392,156,182,214,306,165,315,892,1395,566,472,545
08415014,Dettingen an der Erms,9674,9674,9872,288,287,380,604,302,590,1728,2758,923,722,1092
08415019,Eningen unter Achalm,11420,11420,11385,355,361,424,631,366,689,2049,3203,1138,889,1319
08415027,Gomadingen,2085,2085,2285,53,59,61,94,54,136,323,611,277,191,228
08415028,Grabenstetten,1696,1696,1713,48,68,90,92,68,98,325,465,178,154,122
08415029,Grafenberg,2695,2695,2767,82,82,101,147,52,184,523,777,259,228,263
08415034,"Hayingen, Stadt",2151,2151,2187,69,79,94,139,62,133,352,589,219,173,235
08415039,Hülben,3015,3015,3048,112,103,142,199,100,181,589,797,279,202,308
08415048,Mehrstetten,1443,1443,1478,62,56,62,87,33,87,261,397,156,140,100
08415050,"Metzingen, Stadt",22937,22937,22314,720,666,902,1328,674,1364,4423,6373,2116,1804,2566
08415053,"Münsingen, Stadt",14564,14564,14719,452,454,560,874,477,898,2553,4076,1516,1192,1516
08415058,Pfronstetten,1506,1506,1516,54,58,49,88,58,97,250,436,156,143,125
08415059,"Pfullingen, Stadt",19227,19227,18895,590,606,710,1149,605,1188,3479,5332,1803,1481,2290
08415060,Pliezhausen,9885,9885,9888,329,366,415,567,282,551,1742,2894,990,757,996
08415061,"Reutlingen, Stadt",116925,116925,117034,3286,3426,4379,6573,3460,8468,22377,32346,10872,9230,12511
08415062,Riederich,4281,4281,4353,128,142,159,258,133,236,729,1184,440,387,487
08415073,"Trochtelfingen, Stadt",6236,6236,6305,161,190,232,344,195,417,1045,1763,687,560,642
08415078,"Bad Urach, Stadt",12726,12726,12738,376,385,459,664,330,814,2325,3548,1307,1079,1439
08415080,Wannweil,5260,5260,5421,169,192,214,281,149,296,965,1472,516,427,568
08415085,Zwiefalten,2308,2308,2334,87,67,86,126,75,139,439,633,225,205,230
08415087,Walddorfhäslach,5362,5362,5461,218,216,274,338,147,279,999,1518,546,389,438
08415088,Römerstein,4037,4037,4049,125,108,152,231,127,270,660,1174,412,355,424
08415089,Engstingen,5156,5156,5281,144,148,177,274,172,375,885,1452,580,418,525
08415090,Hohenstein,3784,3784,3802,128,124,149,226,140,252,660,1090,360,306,345
08415091,Sonnenbühl,7053,7053,7124,223,218,251,409,222,440,1183,2085,742,602,684
08415092,Lichtenstein,9096,9096,9309,291,298,390,567,301,511,1575,2464,923,745,1036
08415093,St. Johann,5132,5132,5232,141,178,207,301,149,291,823,1444,563,442,591
08416006,Bodelshausen,5698,5698,5888,149,183,234,326,179,344,1008,1597,572,486,619
08416009,Dettenhausen,5404,5404,5477,140,171,208,301,166,315,891,1581,561,468,609
08416011,Dußlingen,6087,6087,6320,210,227,276,388,196,411,1168,1735,564,380,531
08416015,Gomaringen,9054,9054,9239,288,313,393,536,290,560,1681,2568,882,705,843
08416018,Hirrlingen,3129,3129,3188,102,122,127,160,81,208,602,898,323,255,246
08416022,Kirchentellinsfurt,5508,5508,5693,184,184,214,316,188,319,1004,1541,553,447,552
08416023,Kusterdingen,8636,8636,8783,301,302,377,514,242,521,1668,2406,871,649,777
08416025,"Mössingen, Stadt",21593,21593,20803,689,741,859,1304,730,1372,3946,5808,2119,1817,2210
08416026,Nehren,4436,4436,4593,120,132,185,281,165,259,743,1287,440,401,424
08416031,Ofterdingen,5317,5317,5432,184,194,256,338,149,332,999,1498,502,428,449
08416036,"Rottenburg am Neckar, Stadt",44954,44954,44360,1384,1411,1719,2627,1454,3340,8357,12375,4573,3544,4178
08416041,"Tübingen, Universitätsstadt",90499,90499,92434,2429,2459,3079,4216,2333,13167,23647,19488,6810,5761,7114
08416048,Ammerbuch,11329,11329,11379,360,388,429,683,328,772,2128,3125,1143,924,1049
08416049,Neustetten,3699,3699,3777,118,167,176,222,100,248,737,1027,377,299,233
08416050,Starzach,4299,4299,4363,140,123,141,201,121,287,744,1316,534,358,333
08417002,"Balingen, Stadt",35190,35190,34871,1017,1013,1220,1890,1024,2125,6397,9625,3548,3130,4207
08417008,Bisingen,9543,9543,9828,285,291,367,554,251,511,1760,2710,1012,858,945
08417010,Bitz,3815,3815,3778,118,112,132,191,91,230,650,1051,446,325,477
08417013,"Burladingen, Stadt",12056,12056,12190,328,325,397,639,347,738,2000,3563,1364,1056,1301
08417014,Dautmergen,448,448,448,15,9,18,18,15,20,61,151,50,53,33
08417015,Dormettingen,1086,1086,1101,31,47,47,61,27,66,182,309,139,75,101
08417016,Dotternhausen,1845,1845,1854,52,60,81,109,62,100,306,529,233,169,149
08417022,"Geislingen, Stadt",5873,5873,5936,161,156,198,343,144,367,1047,1692,645,495,618
08417023,Grosselfingen,2161,2161,2160,55,61,80,123,78,130,395,617,244,173,211
08417025,"Haigerloch, Stadt",10842,10842,10992,312,303,397,571,344,681,1901,3222,1176,900,1028
08417029,Hausen am Tann,509,509,515,19,24,22,34,10,19,96,131,71,43,35
08417031,"Hechingen, Stadt",19514,19514,19358,554,554,746,1137,585,1220,3413,5327,2057,1768,2154
08417036,Jungingen,1361,1361,1383,37,32,49,86,34,54,189,396,160,146,172
08417044,"Meßstetten, Stadt",11072,11072,11740,358,378,494,720,336,641,1989,2955,1189,945,1064
08417045,Nusplingen,1895,1895,1872,74,54,66,127,66,108,323,534,215,136,199
08417047,Obernheim,1516,1516,1510,57,35,58,85,54,116,244,438,171,110,149
08417051,Rangendingen,5281,5281,5316,150,161,220,326,177,318,848,1560,521,498,500
08417052,Ratshausen,743,743,748,17,18,24,40,18,40,132,217,83,73,79
08417054,"Rosenfeld, Stadt",6407,6407,6546,205,189,211,373,211,395,1163,1832,677,517,640
08417057,"Schömberg, Stadt",4647,4647,4746,159,150,185,260,127,264,932,1339,453,394,390
08417063,Straßberg,2465,2465,2486,58,72,95,131,61,136,440,662,267,231,302
08417071,Weilen unter den Rinnen,605,605,598,18,16,19,36,17,51,98,187,84,45,33
08417075,Winterlingen,6339,6339,6367,187,182,256,366,167,360,1067,1769,668,573,743
08417078,Zimmern unter der Burg,446,446,461,11,10,14,25,13,34,79,134,47,29,40
08417079,"Albstadt, Stadt",46134,46134,46162,1292,1384,1645,2474,1264,3023,8648,12061,4554,4011,5780
08421000,"Ulm, Universitätsstadt",127116,127116,128301,3629,3533,4614,6886,3472,10977,29638,32584,10077,9086,12621
08425002,Allmendingen,4867,4867,4661,170,170,208,258,147,402,952,1321,456,386,392
08425004,Altheim,593,593,606,11,21,18,43,22,55,83,189,31,52,65
08425005,Altheim (Alb),1692,1692,1739,56,57,67,87,54,105,290,453,177,157,192
08425008,Amstetten,4128,4128,4140,138,129,147,240,140,310,751,1146,358,333,442
08425011,Asselfingen,1004,1004,1013,27,28,46,67,31,56,170,300,121,76,78
08425013,Ballendorf,663,663,670,27,13,20,44,18,30,99,191,70,50,106
08425014,Beimerstetten,2383,2383,2487,61,66,92,143,78,153,404,712,244,172,251
08425017,Berghülen,1956,1956,2039,87,66,85,110,68,140,337,517,227,158,160
08425019,Bernstadt,2258,2258,2299,94,69,87,150,78,123,405,667,216,166,200
08425020,"Blaubeuren, Stadt",12496,12496,12508,362,400,457,783,416,836,2355,3516,1159,921,1290
08425022,Börslingen,170,170,173,7,5,11,8,4,10,34,46,10,20,17
08425024,Breitingen,363,363,371,18,22,26,14,4,23,86,86,36,28,18
08425028,"Dietenheim, Stadt",6781,6781,6872,207,210,285,422,192,425,1267,1830,732,514,695
08425031,Dornstadt,8991,8991,9195,317,304,392,536,276,533,1712,2428,803,737,947
08425033,"Ehingen (Donau), Stadt",27241,27241,27134,925,912,1057,1637,875,1768,5221,7561,2550,2199,2534
08425035,Emeringen,157,157,159,8,7,5,3,3,5,41,49,16,11,7
08425036,Emerkingen,822,822,850,12,19,36,60,34,92,117,268,67,53,66
08425039,"Erbach, Stadt",13928,13928,13856,503,460,614,802,438,838,2628,3921,1304,1093,1332
08425050,Griesingen,1012,1012,1049,41,29,40,59,44,65,176,306,124,68,62
08425052,Grundsheim,217,217,216,5,3,11,18,3,20,33,66,14,15,23
08425055,Hausen am Bussen,278,278,282,11,3,13,19,7,18,53,81,30,28,14
08425062,Holzkirch,270,270,278,14,8,11,15,14,12,49,91,20,12,27
08425064,Hüttisheim,1469,1469,1512,47,63,66,79,38,78,298,408,134,107,161
08425066,Illerrieden,3354,3354,3370,103,87,133,197,104,175,576,944,356,327,348
08425071,"Laichingen, Stadt",11955,11955,12130,406,362,450,692,380,839,2292,3362,1128,920,1121
08425072,"Langenau, Stadt",15005,15005,15556,459,479,635,951,460,934,2739,4311,1462,1169,1406
08425073,Lauterach,567,567,617,16,14,20,26,14,41,113,171,61,48,39
08425075,Lonsee,5039,5039,5154,160,167,205,277,149,338,1017,1396,505,385,438
08425079,Merklingen,2010,2010,2081,49,73,82,115,50,142,401,563,176,152,213
08425081,"Munderkingen, Stadt",5403,5403,5424,182,178,215,357,154,344,956,1427,606,432,548
08425083,Neenstetten,835,835,850,27,22,27,47,24,71,137,258,84,59,80
08425084,Nellingen,1988,1988,2074,67,55,66,113,80,164,357,575,192,151,164
08425085,Nerenstetten,356,356,358,16,7,19,20,4,24,65,102,39,31,27
08425088,Oberdischingen,2212,2212,2267,73,77,79,126,78,160,409,600,229,168,215
08425090,Obermarchtal,1329,1329,1321,37,41,49,84,44,110,260,391,114,92,106
08425091,Oberstadion,1554,1554,1599,48,57,71,106,54,101,296,440,165,109,113
08425092,Öllingen,549,549,568,12,18,20,38,24,46,96,175,56,19,42
08425093,Öpfingen,2298,2298,2377,72,66,93,126,77,162,436,638,219,180,228
08425097,Rammingen,1274,1274,1347,41,40,42,61,36,87,209,402,127,111,120
08425098,Rechtenstein,293,293,309,9,8,9,18,10,9,50,90,34,29,25
08425104,Rottenacker,2198,2198,2213,68,56,98,129,74,146,413,614,230,178,198
08425108,"Schelklingen, Stadt",6644,6644,7024,183,206,245,412,260,506,1139,1835,674,521,664
08425110,Schnürpflingen,1398,1398,1429,58,53,68,81,44,78,269,384,130,132,97
08425112,Setzingen,709,709,711,25,35,52,46,28,34,121,200,64,49,52
08425123,Untermarchtal,881,881,887,31,24,25,53,26,63,113,220,64,59,203
08425124,Unterstadion,794,794,798,39,32,30,34,25,59,160,219,76,80,43
08425125,Unterwachingen,192,192,195,8,3,6,19,8,11,20,68,12,22,18
08425130,Weidenstetten,1366,1366,1399,42,57,51,65,42,78,268,394,128,90,156
08425134,Westerheim,3016,3016,3006,88,96,119,170,115,202,433,874,299,267,357
08425135,Westerstetten,2205,2205,2250,63,62,101,148,73,127,382,638,234,196,182
08425137,Illerkirchberg,4865,4865,4933,135,139,183,305,143,278,909,1363,455,450,502
08425138,Staig,3266,3266,3283,118,120,127,188,70,182,593,880,341,279,367
08425139,Heroldstatt,2819,2819,2901,74,89,103,185,88,171,462,859,286,208,293
08425140,Balzheim,2130,2130,2154,66,61,99,131,77,143,407,584,238,174,148
08425141,"Blaustein, Stadt",16310,16310,16514,506,480,643,942,519,1030,3214,4640,1468,1174,1697
08426001,Achstetten,4940,4940,5104,179,200,251,357,169,276,1013,1452,416,333,294
08426005,Alleshausen,537,537,548,25,23,24,26,16,34,118,143,57,43,33
08426006,Allmannsweiler,328,328,337,15,14,10,13,12,25,62,100,33,24,22
08426008,Altheim,2104,2104,2113,58,71,83,122,80,125,362,568,241,197,196
08426011,Attenweiler,1902,1902,1956,74,58,85,117,51,154,315,573,172,150,148
08426013,"Bad Buchau, Stadt",4518,4518,4533,127,141,183,276,134,268,817,1229,435,377,533
08426014,"Bad Schussenried, Stadt",8705,8705,9064,294,263,319,460,248,549,1673,2374,884,719,914
08426019,Berkheim,3106,3106,3115,130,140,139,198,99,179,596,858,268,267,237
08426020,Betzenweiler,755,755,769,24,28,50,46,22,43,138,231,62,57,56
08426021,"Biberach an der Riß, Stadt",34018,34018,33923,1042,1054,1273,1913,1001,2219,6933,8947,3186,2650,3795
08426028,Burgrieden,4165,4165,4185,140,181,193,256,111,258,786,1243,424,281,294
08426031,Dettingen an der Iller,2632,2632,2661,120,110,120,140,81,182,543,738,243,157,199
08426035,Dürmentingen,2559,2559,2605,78,67,87,160,102,186,452,745,261,208,214
08426036,Dürnau,465,465,475,18,18,34,14,13,33,70,137,45,46,39
08426038,Eberhardzell,4497,4497,4598,137,160,175,287,144,283,884,1278,435,356,359
08426043,Erlenmoos,1792,1792,1806,66,64,100,107,55,135,317,516,170,126,142
08426044,Erolzheim,3338,3338,3389,102,93,136,216,143,203,590,960,321,283,292
08426045,Ertingen,5354,5354,5391,128,166,181,321,199,373,924,1543,548,460,522
08426058,Hochdorf,2319,2319,2359,75,74,123,175,72,132,408,673,203,198,183
08426062,Ingoldingen,3079,3079,3129,125,148,157,207,77,152,623,815,288,268,223
08426064,Kanzach,496,496,493,12,17,17,35,17,27,81,152,58,51,35
08426065,Kirchberg an der Iller,2192,2192,2211,81,87,91,153,83,152,397,573,218,167,197
08426066,Kirchdorf an der Iller,3988,3988,3990,139,146,182,214,122,285,790,1057,377,316,354
08426067,Langenenslingen,3642,3642,3618,106,125,155,216,122,259,675,973,394,257,354
08426070,"Laupheim, Stadt",22638,22638,22839,721,745,1002,1453,686,1317,4603,6362,1967,1704,2081
08426071,Maselheim,4576,4576,4665,145,147,154,272,128,273,851,1359,484,372,391
08426073,Mietingen,4508,4508,4507,164,165,211,294,136,286,876,1302,437,334,309
08426074,Mittelbiberach,4393,4393,4406,117,136,160,272,168,259,771,1279,452,372,406
08426078,Moosburg,226,226,212,5,4,7,10,6,5,26,78,30,27,31
08426087,"Ochsenhausen, Stadt",9122,9122,9173,318,311,359,507,290,615,1851,2459,932,724,757
08426090,Oggelshausen,933,933,984,30,24,31,47,31,70,147,267,118,72,90
08426097,"Riedlingen, Stadt",10794,10794,10889,293,315,461,711,333,709,1912,2938,1095,909,1119
08426100,Rot an der Rot,4600,4600,4625,139,153,215,294,148,278,833,1328,452,345,425
08426108,Schwendi,6774,6774,6872,218,228,271,345,189,487,1291,1921,651,515,658
08426109,Seekirch,306,306,308,4,5,16,17,10,31,41,107,28,18,22
08426113,Steinhausen an der Rottum,2148,2148,2180,74,76,94,142,86,126,394,659,203,154,138
08426117,Tannheim,2491,2491,2526,70,71,94,149,88,173,402,719,288,184,249
08426118,Tiefenbach,533,533,527,13,20,27,47,19,32,85,170,40,38,47
08426120,Ummendorf,4397,4397,4449,150,144,181,287,146,265,762,1220,400,362,474
08426121,Unlingen,2404,2404,2423,96,79,80,131,78,167,460,669,235,194,216
08426124,Uttenweiler,3694,3694,3683,124,135,150,236,126,231,700,1002,425,303,266
08426125,Wain,1650,1650,1683,58,61,64,117,65,109,292,466,156,133,130
08426128,Warthausen,5218,5218,5314,142,175,226,309,137,318,944,1498,506,417,546
08426134,Schemmerhofen,8652,8652,8714,277,316,402,552,255,533,1642,2500,805,627,742
08426135,Gutenzell-Hürbel,1835,1835,1865,61,48,61,111,66,122,361,512,197,173,126
08435005,Bermatingen,3981,3981,4138,117,126,169,224,121,220,690,1153,442,328,390
08435010,Daisendorf,1517,1517,1572,31,31,39,90,43,73,174,452,179,183,217
08435013,Eriskirch,4809,4809,4983,134,141,218,278,139,267,819,1444,477,423,464
08435015,Frickingen,3000,3000,3133,84,73,105,174,110,190,498,905,318,252,288
08435016,"Friedrichshafen, Stadt",61780,61780,62446,1879,1839,2352,3346,1689,4008,12320,16545,5469,4957,7376
08435018,Hagnau am Bodensee,1433,1433,1526,34,34,35,76,39,74,239,377,158,163,204
08435020,Heiligenberg,2858,2858,3194,71,87,123,166,80,158,431,805,331,263,345
08435024,Immenstaad am Bodensee,6430,6430,6557,174,192,224,337,169,297,1058,1720,630,656,974
08435029,Kressbronn am Bodensee,8726,8726,8776,258,228,273,452,291,498,1513,2501,836,781,1095
08435030,Langenargen,7547,7547,7754,177,174,215,436,221,403,1129,2196,746,744,1105
08435034,"Markdorf, Stadt",14318,14318,14378,459,442,607,887,414,838,2591,4010,1279,1192,1607
08435035,Meckenbeuren,13742,13742,13761,395,438,489,759,412,917,2537,3937,1286,1153,1412
08435036,"Meersburg, Stadt",5893,5893,6161,125,151,166,260,125,342,1001,1545,581,526,1071
08435042,Neukirch,2695,2695,2742,94,75,126,168,77,182,495,812,262,204,200
08435045,Oberteuringen,4941,4941,5038,187,177,250,316,123,259,959,1444,447,355,427
08435047,Owingen,4468,4468,4567,127,123,197,330,160,248,714,1245,467,414,443
08435052,Salem,11996,11996,12141,380,382,420,730,393,671,2158,3212,1260,1149,1242
08435053,Sipplingen,2061,2061,2088,58,46,60,86,52,105,322,585,257,195,294
08435054,Stetten,966,966,1040,22,22,31,54,30,47,150,275,118,95,116
08435057,"Tettnang, Stadt",20078,20078,20077,574,584,786,1179,591,1208,3679,5820,2011,1623,2024
08435059,"Überlingen, Stadt",22572,22572,23014,515,539,670,1113,728,1021,3186,5705,2465,2544,4084
08435066,Uhldingen-Mühlhofen,8263,8263,8538,215,199,254,407,217,489,1313,2370,923,792,1075
08435067,Deggenhausertal,4402,4402,4443,125,122,181,258,145,277,823,1352,480,279,359
08436001,Achberg,1730,1730,1750,55,47,77,120,60,111,325,521,159,101,155
08436003,Aichstetten,2845,2845,2879,83,90,118,163,91,205,507,837,292,201,260
08436004,Aitrach,2809,2809,2828,71,90,129,161,77,197,524,765,255,231,309
08436005,Altshausen,4013,4013,4111,120,115,145,230,127,215,678,1080,425,412,460
08436006,Amtzell,4186,4186,4309,135,134,175,275,123,251,788,1202,436,347,318
08436008,"Aulendorf, Stadt",10294,10294,10374,290,287,412,568,328,672,1934,2893,1089,874,941
08436009,"Bad Waldsee, Stadt",20257,20257,20412,641,594,692,1196,681,1245,3563,5547,2024,1822,2250
08436010,"Bad Wurzach, Stadt",14817,14817,14943,443,462,597,994,481,953,2598,4276,1450,1185,1381
08436011,Baienfurt,7137,7137,7289,205,219,256,419,216,482,1305,1987,680,570,802
08436012,Baindt,5264,5264,5381,143,176,226,330,175,366,939,1480,464,430,537
08436013,Berg,4397,4397,4560,143,150,198,260,123,282,845,1228,393,338,443
08436014,Bergatreute,3154,3154,3244,114,111,118,181,101,218,603,905,323,245,238
08436018,Bodnegg,3080,3080,3220,120,99,114,182,90,201,552,845,312,277,296
08436019,Boms,724,724,755,24,27,25,44,24,43,142,223,90,44,35
08436024,Ebenweiler,1274,1274,1311,47,47,56,81,49,85,218,371,124,93,105
08436027,Eichstegen,521,521,518,17,12,13,32,15,40,102,154,60,37,34
08436032,Fleischwangen,684,684,680,23,32,23,42,19,57,128,199,66,40,53
08436039,Grünkraut,3089,3089,3187,102,99,130,224,89,198,519,902,311,241,269
08436040,Guggenhausen,179,179,185,5,4,13,6,3,11,27,47,29,19,13
08436047,Hoßkirch,718,718,747,14,26,35,45,21,45,125,214,70,63,63
08436049,"Isny im Allgäu, Stadt",14520,14520,14676,380,409,540,827,416,1012,2630,4011,1463,1289,1540
08436052,Kißlegg,9158,9158,9281,315,366,396,565,262,540,1612,2526,920,782,873
08436053,Königseggwald,688,688,700,27,23,28,34,32,35,122,208,64,45,61
08436055,"Leutkirch im Allgäu, Stadt",23517,23517,23197,744,778,951,1356,744,1532,4382,6474,2252,1915,2389
08436064,"Ravensburg, Stadt",49896,49896,51198,1512,1428,1712,2647,1423,3434,10586,13368,4550,3797,5435
08436067,Riedhausen,772,772,745,33,39,46,47,29,52,170,213,71,30,43
08436069,Schlier,3898,3898,3962,143,152,180,255,112,221,697,1059,403,320,355
08436077,Unterwaldhausen,282,282,291,9,12,19,12,4,17,48,95,25,27,18
08436078,Vogt,4661,4661,4693,132,166,168,249,133,278,832,1335,525,397,451
08436079,Waldburg,3260,3260,3296,106,111,136,188,98,207,580,935,349,249,305
08436081,"Wangen im Allgäu, Stadt",27553,27553,27229,848,835,1005,1582,856,1696,4744,7744,2563,2359,3313
08436082,"Weingarten, Stadt",24640,24640,25271,633,629,772,1201,632,2813,5054,6028,2226,1897,2754
08436083,Wilhelmsdorf,4692,4692,5007,139,172,198,307,175,325,893,1236,471,351,428
08436085,Wolfegg,3804,3804,3866,123,145,160,244,117,233,624,1115,355,316,369
08436087,Wolpertswende,4052,4052,4171,129,129,168,228,132,250,731,1144,420,337,386
08436093,Ebersbach-Musbach,1692,1692,1702,56,60,62,94,55,114,278,497,191,139,142
08436094,Argenbühl,6640,6640,6728,246,252,316,464,212,439,1093,1939,600,529,545
08436095,Horgenzell,5652,5652,6109,181,190,260,377,187,401,1222,1701,475,322,337
08436096,Fronreute,4872,4872,5026,154,180,227,279,146,306,942,1431,442,389,376
08437005,Beuron,673,673,669,16,16,22,38,19,39,87,181,82,70,103
08437008,Bingen,2714,2714,2738,82,80,83,123,75,175,477,749,319,264,281
08437031,"Gammertingen, Stadt",6212,6212,6276,147,174,177,332,185,467,1098,1759,646,545,685
08437044,Herbertingen,4783,4783,4827,138,121,166,319,155,305,822,1425,478,393,453
08437047,"Hettingen, Stadt",1787,1787,1805,50,53,55,100,54,116,295,508,202,163,190
08437053,Hohentengen,4215,4215,4339,123,134,194,267,118,277,802,1145,425,336,394
08437056,Illmensee,2025,2025,2084,66,76,98,118,57,92,379,550,234,202,160
08437059,Inzigkofen,2918,2918,2960,102,97,114,191,85,176,510,871,285,234,254
08437065,Krauchenwies,4985,4985,5111,150,161,230,313,167,275,868,1380,551,456,434
08437072,Leibertingen,2192,2192,2155,70,71,82,122,79,157,369,634,239,162,213
08437076,"Mengen, Stadt",10014,10014,9973,267,250,314,579,303,702,1727,2882,984,892,1113
08437078,"Meßkirch, Stadt",8558,8558,8689,296,272,330,466,288,576,1645,2354,856,661,810
08437082,Neufra,1839,1839,1845,52,47,70,79,65,113,296,520,229,174,195
08437086,Ostrach,6952,6952,7023,230,220,269,403,194,443,1368,1909,800,535,585
08437088,"Pfullendorf, Stadt",13233,13233,13601,381,391,516,781,429,925,2490,3704,1345,1079,1207
08437100,"Bad Saulgau, Stadt",17975,17975,17700,536,583,718,1014,560,1128,3272,4965,1698,1495,2002
08437101,"Scheer, Stadt",2464,2464,2506,63,78,88,123,68,154,425,734,262,223,241
08437102,Schwenningen,1655,1655,1676,41,45,68,111,53,94,284,460,170,147,179
08437104,"Sigmaringen, Stadt",17141,17141,17730,489,491,644,934,567,1513,3290,4179,1619,1396,2019
08437105,Sigmaringendorf,3733,3733,3737,96,104,140,236,115,227,631,1018,379,344,449
08437107,Stetten am kalten Markt,4720,4720,4777,138,145,173,265,130,282,881,1258,501,414,529
08437114,"Veringenstadt, Stadt",2148,2148,2137,66,71,85,123,76,108,349,581,244,222,225
08437118,Wald,2639,2639,2725,81,76,105,167,96,162,421,768,284,224,255
08437123,Sauldorf,2581,2581,2599,51,74,118,154,77,161,452,801,315,173,217
08437124,Herdwangen-Schönach,3359,3359,3502,89,93,138,220,86,187,608,981,422,282,256
