ags,name,roman_catholic,protestant,protestant_free,orthodox,jewish,other_public_law,none,roman_catholic_pct,protestant_pct,protestant_free_pct,orthodox_pct,jewish_pct,other_public_law_pct,none_pct
08111,"Stuttgart, Landeshauptstadt (Stadtkreis)",150050,177740,5100,30680,1330,30340,186140,25.8,30.6,0.9,5.3,0.2,5.2,32.0
08115,Böblingen (Landkreis),89210,144110,4730,10240,,18870,94420,24.7,39.8,1.3,2.8,,5.2,26.1
08116,Esslingen (Landkreis),119260,206300,6570,15180,320,24860,127880,23.8,41.2,1.3,3.0,0.1,5.0,25.6
08117,Göppingen (Landkreis),89370,89160,2320,5110,,10790,49560,36.3,36.2,0.9,2.1,,4.4,20.1
08118,Ludwigsburg (Landkreis),118460,214110,6550,15950,,17810,133760,23.4,42.2,1.3,3.1,,3.5,26.4
08119,Rems-Murr-Kreis (Landkreis),91840,175580,8830,13680,,15640,97570,22.8,43.5,2.2,3.4,,3.9,24.2
08121,"Heilbronn, Stadt (Stadtkreis)",27070,43820,1330,4450,,7440,30590,23.6,38.1,1.2,3.9,,6.5,26.6
08125,"Heilbronn, Landkreis (Landkreis)",85440,150000,5020,5810,,12050,63280,26.6,46.6,1.6,1.8,,3.7,19.7
08126,Hohenlohekreis (Landkreis),30720,52950,1730,2920,,3340,14970,28.8,49.7,1.6,2.7,,3.1,14.0
08127,Schwäbisch Hall (Landkreis),38580,106620,3250,2560,,4680,28920,20.9,57.7,1.8,1.4,,2.5,15.7
08128,Main-Tauber-Kreis (Landkreis),68020,42880,580,1290,,1520,15530,52.4,33.0,0.4,1.0,,1.2,12.0
08135,Heidenheim (Landkreis),41880,53940,1350,3060,,4930,22200,32.9,42.3,1.1,2.4,,3.9,17.4
08136,Ostalbkreis (Landkreis),161520,81680,3320,4340,,5420,47250,53.2,26.9,1.1,1.4,,1.8,15.6
08211,"Baden-Baden, Stadt (Stadtkreis)",24090,11240,,1640,,1350,12700,46.4,21.7,,3.2,,2.6,24.5
08212,"Karlsruhe, Stadt (Stadtkreis)",95360,90100,2350,7130,,6750,82750,33.4,31.6,0.8,2.5,,2.4,29.0
08215,"Karlsruhe, Landkreis (Landkreis)",187580,132890,4120,6890,,12870,77620,44.4,31.5,1.0,1.6,,3.0,18.4
08216,Rastatt (Landkreis),126410,41610,1080,4220,,5050,43260,57.0,18.8,0.5,1.9,,2.3,19.5
08221,"Heidelberg, Stadt (Stadtkreis)",43730,50670,1810,2500,,4710,41600,30.1,34.9,1.2,1.7,,3.2,28.6
08222,"Mannheim, Universitätsstadt (Stadtkreis)",92060,79900,2140,7580,,10830,95100,32.0,27.8,0.7,2.6,,3.8,33.0
08225,Neckar-Odenwald-Kreis (Landkreis),74720,44040,910,1290,,3010,16870,53.1,31.3,0.6,0.9,,2.1,12.0
08226,Rhein-Neckar-Kreis (Landkreis),181950,192390,4020,7150,,16100,119340,34.9,36.9,0.8,1.4,,3.1,22.9
08231,"Pforzheim, Stadt (Stadtkreis)",32590,41450,2810,2730,,6820,27080,28.6,36.4,2.5,2.4,,6.0,23.8
08235,Calw (Landkreis),31110,79200,2540,2140,,7350,26640,20.9,53.2,1.7,1.4,,4.9,17.9
08236,Enzkreis (Landkreis),41950,94190,4650,2700,,5280,41330,22.1,49.5,2.4,1.4,,2.8,21.7
08237,Freudenstadt (Landkreis),36180,51660,2010,1210,,4560,19450,31.4,44.9,1.7,1.0,,4.0,16.9
08311,"Freiburg im Breisgau, Stadt (Stadtkreis)",81600,55060,1310,4810,,5510,58190,39.4,26.6,0.6,2.3,,2.7,28.1
08315,Breisgau-Hochschwarzwald (Landkreis),119620,66870,2170,2310,,3230,51970,48.6,27.2,0.9,0.9,,1.3,21.1
08316,Emmendingen (Landkreis),72130,50700,1310,1210,,2890,27310,46.3,32.6,0.8,0.8,,1.9,17.5
08317,Ortenaukreis (Landkreis),218520,111640,3130,4500,,8000,61170,53.7,27.4,0.8,1.1,,2.0,15.0
08325,Rottweil (Landkreis),67790,40840,1710,1700,,3960,19410,50.0,30.1,1.3,1.3,,2.9,14.3
08326,Schwarzwald-Baar-Kreis (Landkreis),95110,58860,3740,4910,,5830,33820,47.0,29.1,1.8,2.4,,2.9,16.7
08327,Tuttlingen (Landkreis),66600,35380,2390,2490,,4460,20070,50.7,26.9,1.8,1.9,,3.4,15.3
08335,Konstanz (Landkreis),130760,57830,2630,3480,,7030,63730,49.2,21.8,1.0,1.3,,2.6,24.0
08336,Lörrach (Landkreis),68820,80730,3170,2640,300,6280,55460,31.7,37.1,1.5,1.2,0.1,2.9,25.5
08337,Waldshut (Landkreis),96490,29790,920,1480,,3850,29870,59.4,18.3,0.6,0.9,,2.4,18.4
08415,Reutlingen (Landkreis),64640,134130,4090,6790,,10530,50880,23.8,49.5,1.5,2.5,,3.9,18.8
08416,Tübingen (Landkreis),64710,84100,3140,4420,,6970,46890,30.8,40.0,1.5,2.1,,3.3,22.3
08417,Zollernalbkreis (Landkreis),81710,63430,1800,3290,,4170,30380,44.2,34.3,1.0,1.8,,2.3,16.4
08421,"Ulm, Universitätsstadt (Stadtkreis)",40850,34090,1310,3780,,4760,30200,35.5,29.6,1.1,3.3,,4.1,26.2
08425,Alb-Donau-Kreis (Landkreis),84420,60810,1670,2260,,5690,30420,45.6,32.8,0.9,1.2,,3.1,16.4
08426,Biberach (Landkreis),123630,32740,1300,2430,,3250,22770,66.4,17.6,0.7,1.3,,1.7,12.2
08435,Bodenseekreis (Landkreis),107210,39690,1660,3220,,5120,44690,53.2,19.7,0.8,1.6,,2.5,22.2
08436,Ravensburg (Landkreis),169440,45090,1560,2920,,6640,40800,63.6,16.9,0.6,1.1,,2.5,15.3
08437,Sigmaringen (Landkreis),82950,22410,890,1820,,3510,14750,65.6,17.7,0.7,1.4,,2.8,11.7
